Uploaded_variation	Location	Allele	Gene	Feature	Feature_type	Consequence	cDNA_position	CDS_position	Protein_position	Amino_acids	Codons	Existing_variation	IMPACT	DISTANCE	STRAND	FLAGS	PICK	VARIANT_CLASS	SYMBOL	SYMBOL_SOURCE	HGNC_ID	BIOTYPE	CANONICAL	MANE	TSL	APPRIS	CCDS	ENSP	SWISSPROT	TREMBL	UNIPARC	SOURCE	GENE_PHENO	SIFT	PolyPhen	EXON	INTRON	DOMAINS	miRNA	HGVSc	HGVSp	HGVS_OFFSET	AF	AFR_AF	AMR_AF	EAS_AF	EUR_AF	SAS_AF	AA_AF	EA_AF	gnomAD_AF	gnomAD_AFR_AF	gnomAD_AMR_AF	gnomAD_ASJ_AF	gnomAD_EAS_AF	gnomAD_FIN_AF	gnomAD_NFE_AF	gnomAD_OTH_AF	gnomAD_SAS_AF	MAX_AF	MAX_AF_POPS	CLIN_SIG	SOMATIC	PHENO	PUBMED	MOTIF_NAME	MOTIF_POS	HIGH_INF_POS	MOTIF_SCORE_CHANGE	Conservation	DANN	DANN_DANN	gnomADg	gnomADg_AF	gnomADg_AC	gnomADg_AN	gnomADg_AF_NFE	gnomAD3g	gnomAD3g_AF	gnomAD3g_AC	gnomAD3g_AN	gnomAD3g_AF_NFE	SpliceAI	SpliceAI_DS_AG	SpliceAI_DS_AL	SpliceAI_DS_DG	SpliceAI_DS_DL	SpliceAI_DP_AG	SpliceAI_DP_AL	SpliceAI_DP_DG	SpliceAI_DP_DL	MNM	MNM_AF	ClinVar	ClinVar_CLNSIG	ClinVar_CLNREVSTAT	ClinVar_CLNDN	PL_AF	PL_AN	PL_AC
chr2_27508073_T_C	chr2:27508073	C	ENSG00000084734	ENST00000264717	Transcript	missense_variant,splice_region_variant	1403	1337	446	L/P	cTg/cCg	rs1260326,CM083701	MODERATE	-	1	-	1	SNV	GCKR	HGNC	HGNC:4196	protein_coding	YES	-	1	P1	CCDS1757.1	ENSP00000264717	-	A0A0C4DFN2	UPI000013D55B	-	1	tolerated(1)	benign(0)	15/19	-	Gene3D:1.10.8.1080,Gene3D:3.40.50.12620,Gene3D:3.40.50.12630,PROSITE_profiles:PS51464,PANTHER:PTHR10088,PANTHER:PTHR10088:SF4,Superfamily:SSF53697	-	ENST00000264717.7:c.1337T>C	ENSP00000264717.2:p.Leu446Pro	-	0.7067	0.9062	0.6383	0.5188	0.5895	0.7996	0.857	0.5831	0.6331	0.8679	0.6662	0.4668	0.5108	0.6426	0.5902	0.6005	0.758	0.9062	AFR	association	-	1,1	24931982,19148283,22629316,19913121,24178511,21386085,27312935,21860704,22022282,18678614,19060910,19299407,19474294,19729614,19802338,20031591,21282362,21466885,21738485,22425169,23236364,25176936,25430627,28577571,21054877,21467728,24274136,26174136,27181629,19656773,18439548,21647738,21937998,27534721,21421807,21602305,19936222,24829591,20831840,28679452,20820957,20839289,28262806,20886378,21091714,22307069,24843659,20081858,21676895,22139419,27917368,21976109,27845333,21597005,27177774,19060906,20160193,20657596,20839009,28596988,20037589,21411509,20383146,21931561,21980298,23028791,25238615,26780889,27432166,21848424,22354904,26374098,28793914,21041806,21527746,22567092,24879641,24890013,27286809,21949744,27782183,20339536,22001757,24830394,24966605,23092954,21300955,27327646,24922540,22368281,28905132,20628598,25920552,20231535,21768215,25646370,26902266,28666712,19533084,19651812,21441441,24918535,23150898,20570916,27657051,20570915,27338949,22517333,28133617,25788527,28053049,21862451,18439552,2142371	-	-	-	-	-4.540	-	-	rs1260326	6.75811e-01	20842	30840	6.00535e-01	rs1260326	6.75216e-01	96564	143012	-	-	-	-	-	-	-	-	-	-	chr2_27508073_T_C	0.590909	8751	association	no_assertion_criteria_provided	Fasting_plasma_glucose_level_quantitative_trait_locus_5	0.585366	1886	1104
chr2_44925383_A_T	chr2:44925383	T	ENSG00000259439	ENST00000437916	Transcript	intron_variant,non_coding_transcript_variant	-	-	-	-	-	rs4953148	MODIFIER	-	-1	-	1	SNV	LINC01833	HGNC	HGNC:52644	lncRNA	YES	-	3	-	-	-	-	-	-	-	-	-	-	-	1/1	-	-	ENST00000437916.2:n.378-1804T>A	-	-	0.3526	0.2398	0.402	0.3899	0.3062	0.4796	-	-	-	-	-	-	-	-	-	-	-	0.4796	SAS	-	-	1	-	-	-	-	-	-	-	-	rs4953148	3.26994e-01	10110	30918	3.43166e-01	rs4953148	3.16455e-01	45291	143120	-	-	-	-	-	-	-	-	-	-	chr2_44925383_A_T	0.204545	-	-	-	-	0.3579	1886	675
chr2_44925383_A_T	chr2:44925383	T	ENSG00000278957	ENST00000623734	Transcript	downstream_gene_variant	-	-	-	-	-	rs4953148	MODIFIER	2531	-1	-	1	SNV	AC012354.3	Clone_based_ensembl_gene	-	TEC	YES	-	-	-	-	-	-	-	-	-	-	-	-	-	-	-	-	-	-	-	0.3526	0.2398	0.402	0.3899	0.3062	0.4796	-	-	-	-	-	-	-	-	-	-	-	0.4796	SAS	-	-	1	-	-	-	-	-	-	-	-	rs4953148	3.26994e-01	10110	30918	3.43166e-01	rs4953148	3.16455e-01	45291	143120	-	-	-	-	-	-	-	-	-	-	chr2_44925383_A_T	0.204545	-	-	-	-	0.3579	1886	675
chr3_160617800_T_C	chr3:160617800	C	-	ENSR00000706819	RegulatoryFeature	regulatory_region_variant	-	-	-	-	-	rs1920650	MODIFIER	-	-	-	1	SNV	-	-	-	CTCF_binding_site	-	-	-	-	-	-	-	-	-	-	-	-	-	-	-	-	-	-	-	-	0.3508	0.7057	0.304	0.1458	0.2853	0.183	-	-	-	-	-	-	-	-	-	-	-	0.7057	AFR	-	-	1	-	-	-	-	-	-5.310	-	-	rs1920650	3.84897e-01	11871	30842	3.02491e-01	rs1920650	3.93450e-01	56191	142816	-	-	-	-	-	-	-	-	-	-	chr3_160617800_T_C	0.397727	-	-	-	-	0.33404	1886	630
chr3_160617800_T_C	chr3:160617800	C	-	-	-	intergenic_variant	-	-	-	-	-	rs1920650	MODIFIER	-	-	-	1	SNV	-	-	-	-	-	-	-	-	-	-	-	-	-	-	-	-	-	-	-	-	-	-	-	-	0.3508	0.7057	0.304	0.1458	0.2853	0.183	-	-	-	-	-	-	-	-	-	-	-	0.7057	AFR	-	-	1	-	-	-	-	-	-5.310	-	-	rs1920650	3.84897e-01	11871	30842	3.02491e-01	rs1920650	3.93450e-01	56191	142816	-	-	-	-	-	-	-	-	-	-	chr3_160617800_T_C	0.397727	-	-	-	-	0.33404	1886	630
chr4_39413373_A_G	chr4:39413373	G	ENSG00000134962	ENST00000257408	Transcript	intron_variant	-	-	-	-	-	rs11940694	MODIFIER	-	1	-	1	SNV	KLB	HGNC	HGNC:15527	protein_coding	YES	-	1	P1	CCDS3451.1	ENSP00000257408	Q86Z14	-	UPI000000D726	-	-	-	-	-	1/4	-	-	ENST00000257408.5:c.825+5599A>G	-	-	0.4986	0.5703	0.4352	0.4593	0.6123	0.3701	-	-	-	-	-	-	-	-	-	-	-	0.6123	EUR	-	-	1	28485404,21565945,28937693,27911795,29504045,30728360	-	-	-	-	-5.080	-	-	rs11940694	5.84466e-01	18053	30888	6.02766e-01	rs11940694	5.72048e-01	81772	142946	-	chr4:39413373-39413373	0.0001	0.0000	0.5979	0.0000	-5	47	-5	-15	chr4_39413373_A_G	0.715909	-	-	-	-	0.604454	1886	1140
chr4_39413373_A_G	chr4:39413373	G	ENSG00000264621	ENST00000578248	Transcript	downstream_gene_variant	-	-	-	-	-	rs11940694	MODIFIER	1399	1	-	1	SNV	MIR5591	HGNC	HGNC:43531	miRNA	YES	-	-	-	-	-	-	-	-	-	-	-	-	-	-	-	-	-	-	-	0.4986	0.5703	0.4352	0.4593	0.6123	0.3701	-	-	-	-	-	-	-	-	-	-	-	0.6123	EUR	-	-	1	28485404,21565945,28937693,27911795,29504045,30728360	-	-	-	-	-5.080	-	-	rs11940694	5.84466e-01	18053	30888	6.02766e-01	rs11940694	5.72048e-01	81772	142946	-	chr4:39413373-39413373	0.0001	0.0000	0.5979	0.0000	-5	47	-5	-15	chr4_39413373_A_G	0.715909	-	-	-	-	0.604454	1886	1140
chr4_39421892_G_A	chr4:39421892	A	ENSG00000134962	ENST00000257408	Transcript	intron_variant	-	-	-	-	-	rs4975012	MODIFIER	-	1	-	1	SNV	KLB	HGNC	HGNC:15527	protein_coding	YES	-	1	P1	CCDS3451.1	ENSP00000257408	Q86Z14	-	UPI000000D726	-	-	-	-	-	1/4	-	-	ENST00000257408.5:c.826-12318G>A	-	-	0.2646	0.5113	0.1816	0.128	0.2217	0.1748	-	-	-	-	-	-	-	-	-	-	-	0.5113	AFR	-	-	1	-	-	-	-	-	0.514	-	-	rs4975012	2.85881e-01	8832	30894	2.22653e-01	rs4975012	2.88999e-01	41346	143066	-	-	-	-	-	-	-	-	-	-	chr4_39421892_G_A	0.340909	-	-	-	-	0.230117	1886	434
chr4_46303716_T_C	chr4:46303716	C	ENSG00000151834	ENST00000507069	Transcript	intron_variant	-	-	-	-	-	rs279871	MODIFIER	-	-1	-	1	SNV	GABRA2	HGNC	HGNC:4076	protein_coding	YES	-	3	-	CCDS82921.1	ENSP00000427603	-	E9PBQ7	UPI000049193F	-	1	-	-	-	6/9	-	-	ENST00000507069.5:c.704-104A>G	-	-	0.3668	0.239	0.4712	0.5327	0.4284	0.2311	-	-	-	-	-	-	-	-	-	-	-	0.5327	EAS	risk_factor	-	1	22806211,25045619,20549395,21225419,23793356,24390676,15024690,22048727,18781239,18634760,18727688,21934640,21530476,19487630,20133874,21683760,28185103,18005236,24166645,25804982,19783384,20698837,22817768,23974430,26075969,28847377,24687270,15464133,19027838,19672139,16894595,17690794,20716301,24530440,22662011,19569404,17453060,25049133,22703173,23134051,23134043,23147414,24811113,23561058,26635556,23115637,20682215,22047728,24548628,23692184,29227573	-	-	-	-	-6.660	-	-	rs279871	3.87371e-01	11969	30898	4.39939e-01	rs279871	3.79817e-01	54348	143090	-	-	-	-	-	-	-	-	-	-	chr4_46303716_T_C	0.409091	16218	risk_factor	no_assertion_criteria_provided	_susceptibility_to	0.432131	1886	815
chr4_46327706_T_A	chr4:46327706	A	ENSG00000151834	ENST00000507069	Transcript	intron_variant	-	-	-	-	-	rs279845	MODIFIER	-	-1	-	1	SNV	GABRA2	HGNC	HGNC:4076	protein_coding	YES	-	3	-	CCDS82921.1	ENSP00000427603	-	E9PBQ7	UPI000049193F	-	1	-	-	-	3/9	-	-	ENST00000507069.5:c.255+4909A>T	-	-	0.4050	0.2632	0.4841	0.5665	0.4443	0.3333	-	-	-	-	-	-	-	-	-	-	-	0.5665	EAS	risk_factor	-	1	15024690,18634760,18727688,19487630,22501025,20133874,22555154,28185103,24687270,19672139,17690794,25703505,23561058,26635556,23692184,29528673,28865044	-	-	-	-	-6.190	chr4:46327706-46327706	0.54235	rs279845	4.21237e-01	12980	30814	4.67751e-01	rs279845	4.06484e-01	58063	142842	-	-	-	-	-	-	-	-	-	-	chr4_46327706_T_A	0.465909	16219	risk_factor	no_assertion_criteria_provided	_susceptibility_to	0.472428	1886	891
chr4_46337053_T_A	chr4:46337053	A	ENSG00000151834	ENST00000507069	Transcript	intron_variant	-	-	-	-	-	rs279836	MODIFIER	-	-1	-	1	SNV	GABRA2	HGNC	HGNC:4076	protein_coding	YES	-	3	-	CCDS82921.1	ENSP00000427603	-	E9PBQ7	UPI000049193F	-	1	-	-	-	2/9	-	-	ENST00000507069.5:c.188-4371A>T	-	-	0.3804	0.2247	0.4755	0.5794	0.4205	0.2771	-	-	-	-	-	-	-	-	-	-	-	0.5794	EAS	risk_factor	-	1	20549395,21225419,15024690,18634760,18727688,19487630,22501025,20133874,16540194,17690794,22662011,25703505,26101851,23561058,23692184	-	-	-	-	-0.056	-	-	rs279836	3.91430e-01	12085	30874	4.42120e-01	rs279836	3.80723e-01	54454	143028	-	-	-	-	-	-	-	-	-	-	chr4_46337053_T_A	0.409091	16220	risk_factor	no_assertion_criteria_provided	_susceptibility_to	0.445917	1886	841
chr4_99019987_A_G	chr4:99019987	G	ENSG00000164024	ENST00000296411	Transcript	intron_variant	-	-	-	-	-	rs146788033	MODIFIER	-	1	-	1	SNV	METAP1	HGNC	HGNC:15789	protein_coding	YES	-	1	P1	CCDS47110.1	ENSP00000296411	P53582	-	UPI00001B5C1A	-	-	-	-	-	1/10	-	-	ENST00000296411.11:c.115-8880A>G	-	-	0.0120	0	0.0447	0.001	0.0249	0.0031	-	-	-	-	-	-	-	-	-	-	-	0.0447	AMR	-	-	1	-	-	-	-	-	0.164	chr4:99019987-99019987	0.8111	rs146788033	1.29895e-02	402	30948	1.92769e-02	rs146788033	1.98717e-02	2844	143118	-	-	-	-	-	-	-	-	-	-	chr4_99019987_A_G	0.011364	-	-	-	-	0.0169671	1886	32
chr4_99019987_A_G	chr4:99019987	G	ENSG00000250496	ENST00000511060	Transcript	downstream_gene_variant	-	-	-	-	-	rs146788033	MODIFIER	2324	-1	-	1	SNV	ABT1P1	HGNC	HGNC:39557	processed_pseudogene	YES	-	-	-	-	-	-	-	-	-	-	-	-	-	-	-	-	-	-	-	0.0120	0	0.0447	0.001	0.0249	0.0031	-	-	-	-	-	-	-	-	-	-	-	0.0447	AMR	-	-	1	-	-	-	-	-	0.164	chr4:99019987-99019987	0.8111	rs146788033	1.29895e-02	402	30948	1.92769e-02	rs146788033	1.98717e-02	2844	143118	-	-	-	-	-	-	-	-	-	-	chr4_99019987_A_G	0.011364	-	-	-	-	0.0169671	1886	32
chr4_99201759_G_A	chr4:99201759	A	ENSG00000172955	ENST00000394899	Transcript	downstream_gene_variant	-	-	-	-	-	rs11733695	MODIFIER	880	-1	-	1	SNV	ADH6	HGNC	HGNC:255	protein_coding	YES	-	2	A2	CCDS43255.1	ENSP00000378359	P28332	-	UPI00015B3D55	-	-	-	-	-	-	-	-	-	-	-	0.0078	0	0.0159	0.001	0.007	0.0204	-	-	-	-	-	-	-	-	-	-	-	0.0204	SAS	-	-	1	23019235	-	-	-	-	-2.670	chr4:99201759-99201759	0.38092	rs11733695	6.55600e-03	203	30964	9.19632e-03	chr4:99201759-99201759	9.68557e-03	1388	143306	-	-	-	-	-	-	-	-	-	-	chr4_99201759_G_A	0.011364	-	-	-	-	0.0233298	1886	44
chr4_99201759_G_A	chr4:99201759	A	ENSG00000246090	ENST00000500358	Transcript	intron_variant,non_coding_transcript_variant	-	-	-	-	-	rs11733695	MODIFIER	-	1	-	1	SNV	AP002026.1	Clone_based_ensembl_gene	-	lncRNA	YES	-	1	-	-	-	-	-	-	-	-	-	-	-	3/9	-	-	ENST00000500358.6:n.3715-2598G>A	-	-	0.0078	0	0.0159	0.001	0.007	0.0204	-	-	-	-	-	-	-	-	-	-	-	0.0204	SAS	-	-	1	23019235	-	-	-	-	-2.670	chr4:99201759-99201759	0.38092	rs11733695	6.55600e-03	203	30964	9.19632e-03	chr4:99201759-99201759	9.68557e-03	1388	143306	-	-	-	-	-	-	-	-	-	-	chr4_99201759_G_A	0.011364	-	-	-	-	0.0233298	1886	44
chr4_99201759_G_A	chr4:99201759	A	-	ENSR00000311196	RegulatoryFeature	regulatory_region_variant	-	-	-	-	-	rs11733695	MODIFIER	-	-	-	1	SNV	-	-	-	CTCF_binding_site	-	-	-	-	-	-	-	-	-	-	-	-	-	-	-	-	-	-	-	-	0.0078	0	0.0159	0.001	0.007	0.0204	-	-	-	-	-	-	-	-	-	-	-	0.0204	SAS	-	-	1	23019235	-	-	-	-	-2.670	chr4:99201759-99201759	0.38092	rs11733695	6.55600e-03	203	30964	9.19632e-03	chr4:99201759-99201759	9.68557e-03	1388	143306	-	-	-	-	-	-	-	-	-	-	chr4_99201759_G_A	0.011364	-	-	-	-	0.0233298	1886	44
chr4_99201759_G_A	chr4:99201759	A	-	ENSR00000731225	RegulatoryFeature	regulatory_region_variant	-	-	-	-	-	rs11733695	MODIFIER	-	-	-	1	SNV	-	-	-	TF_binding_site	-	-	-	-	-	-	-	-	-	-	-	-	-	-	-	-	-	-	-	-	0.0078	0	0.0159	0.001	0.007	0.0204	-	-	-	-	-	-	-	-	-	-	-	0.0204	SAS	-	-	1	23019235	-	-	-	-	-2.670	chr4:99201759-99201759	0.38092	rs11733695	6.55600e-03	203	30964	9.19632e-03	chr4:99201759-99201759	9.68557e-03	1388	143306	-	-	-	-	-	-	-	-	-	-	chr4_99201759_G_A	0.011364	-	-	-	-	0.0233298	1886	44
chr4_99318162_T_C	chr4:99318162	C	ENSG00000196616	ENST00000305046	Transcript	missense_variant	213	143	48	H/R	cAc/cGc	rs1229984,CM890003	MODERATE	-	-1	-	1	SNV	ADH1B	HGNC	HGNC:250	protein_coding	YES	-	1	P1	CCDS34033.1	ENSP00000306606	P00325	-	UPI00001699B5	-	1	tolerated(0.65)	benign(0)	3/9	-	Gene3D:3.90.180.10,Pfam:PF08240,PANTHER:PTHR43880,PANTHER:PTHR43880:SF11,SMART:SM00829,Superfamily:SSF50129,CDD:cd08299	-	ENST00000305046.13:c.143A>G	ENSP00000306606.8:p.His48Arg	-	-	0.9985	0.9424	0.3026	0.9712	0.9796	0.9839	0.953	0.9001	0.989	0.9436	0.7298	0.2608	0.9949	0.9618	0.8888	0.9496	0.9985	AFR	protective	-	1,1	16685648,21940907,18996923,21926110,23149980,26937962,18936436,18056758,18331377,19262484,19698717,19826048,20100738,20505153,20585100,20833657,21083667,21338875,21351086,21372407,21437268,21467728,21576033,21900886,21917409,22301922,22507220,22560290,22640768,22674868,22675424,22806211,22865593,22930414,23088731,23430454,23629646,23969552,24277619,24633362,25045619,25047496,25133033,25411394,25543168,25573768,26125444,26284938,26542604,26825972,26827895,26992901,27038040,27294413,27588484,27827401,27927211,27986911,27991683,28212515,28471244,28485404,28566767,28594837,28805974,26044620,10090900,12050823,15863807,17185388,17273965,17718394,17923853,19193628,19298322,19526455,19861527,20336794,20810466,21143251,21303386,21635275,22048268,22325912,22331481,22363810,22655231,22978509,23720673,23895337,24114820,24735490,25266489,25433705,26091847,26849558,27233804,27688118,15911586,25639971,24390676,16255080,19737746,28871186,28611364,20332099,20089146,21592108,27079684,18518925,22332091,22144473,19687126,2316666	-	-	-	-	2.530	-	-	rs1229984	9.37674e-01	29021	30950	9.68208e-01	chr4:99318162-99318162	9.48470e-01	135857	143238	-	-	-	-	-	-	-	-	-	-	chr4_99318162_T_C	0.943182	-	-	-	-	0.933722	1886	1761
chr4_99331403_T_C	chr4:99331403	C	ENSG00000196616	ENST00000639454	Transcript	intron_variant	-	-	-	-	-	rs3114045	MODIFIER	-	-1	-	1	SNV	ADH1B	HGNC	HGNC:250	protein_coding	-	-	5	-	-	ENSP00000491622	-	V9HW50	UPI00001699B5	-	1	-	-	-	1/8	-	-	ENST00000639454.1:c.19-12517A>G	-	-	-	0.9402	0.6023	0.8403	0.8718	0.9264	-	-	-	-	-	-	-	-	-	-	-	0.9402	AFR	-	-	1	-	-	-	-	-	-0.204	-	-	rs3114045	8.78522e-01	27185	30944	8.77084e-01	chr4:99331403-99331403	8.62970e-01	123548	143166	-	-	-	-	-	-	-	-	-	-	chr4_99331403_T_C	0.829545	-	-	-	-	0.867444	1886	1636
chr4_99339632_T_C	chr4:99339632	C	ENSG00000248144	ENST00000515683	Transcript	missense_variant	1119	1048	350	I/V	Att/Gtt	rs698,CM033593	MODERATE	-	-1	-	1	SNV	ADH1C	HGNC	HGNC:251	protein_coding	YES	-	1	P1	CCDS54780.1	ENSP00000426083	P00326	-	UPI0000001311	-	1	tolerated(0.55)	benign(0)	8/9	-	PDB-ENSP_mappings:1ht0.A,PDB-ENSP_mappings:1ht0.B,PDB-ENSP_mappings:1u3w.A,PDB-ENSP_mappings:1u3w.B,Gene3D:3.90.180.10,PANTHER:PTHR43880,PANTHER:PTHR43880:SF11,SMART:SM00829,Superfamily:SSF50129,CDD:cd08299	-	ENST00000515683.6:c.1048A>G	ENSP00000426083.1:p.Ile350Val	-	0.2143	0.0991	0.2709	0.0764	0.4046	0.2761	0.1517	0.3863	0.3458	0.1443	0.3259	0.2645	0.07808	0.5175	0.4025	0.3473	0.3257	0.5175	gnomAD_FIN	protective	-	1,1	16685648,21940907,18996923,26937962,18936436,18331377,21083667,21351086,21437268,21917409,22560290,22675424,22806211,22930414,24633362,3397059,3758060,10090900,12050823,15863807,16018848,17185388,17273965,17718394,17923853,19124506,19189524,19193628,19298322,19447389,19526455,19861527,20101753,20336794,20810466,21143251,21303386,21606320,21635275,21819567,22048268,22325912,22331481,22363810,22476623,22655231,22978509,23404349,23720673,23895337,24114820,24735490,25266489,25433705,26091847,26849558,27233804,27688118,28534462	-	-	-	-	-0.052	-	-	rs698	3.35718e-01	10369	30886	4.29536e-01	chr4:99339632-99339632	3.14164e-01	44840	142728	-	-	-	-	-	-	-	-	-	-	chr4_99339632_T_C	0.363636	18180	protective	no_assertion_criteria_provided	Alcohol_dependence	0.426829	1886	805
chr4_99339632_T_C	chr4:99339632	C	ENSG00000196616	ENST00000639454	Transcript	intron_variant	-	-	-	-	-	rs698,CM033593	MODIFIER	-	-1	-	1	SNV	ADH1B	HGNC	HGNC:250	protein_coding	-	-	5	-	-	ENSP00000491622	-	V9HW50	UPI00001699B5	-	1	-	-	-	1/8	-	-	ENST00000639454.1:c.18+13026A>G	-	-	0.2143	0.0991	0.2709	0.0764	0.4046	0.2761	0.1517	0.3863	0.3458	0.1443	0.3259	0.2645	0.07808	0.5175	0.4025	0.3473	0.3257	0.5175	gnomAD_FIN	protective	-	1,1	16685648,21940907,18996923,26937962,18936436,18331377,21083667,21351086,21437268,21917409,22560290,22675424,22806211,22930414,24633362,3397059,3758060,10090900,12050823,15863807,16018848,17185388,17273965,17718394,17923853,19124506,19189524,19193628,19298322,19447389,19526455,19861527,20101753,20336794,20810466,21143251,21303386,21606320,21635275,21819567,22048268,22325912,22331481,22363810,22476623,22655231,22978509,23404349,23720673,23895337,24114820,24735490,25266489,25433705,26091847,26849558,27233804,27688118,28534462	-	-	-	-	-0.052	-	-	rs698	3.35718e-01	10369	30886	4.29536e-01	chr4:99339632-99339632	3.14164e-01	44840	142728	-	-	-	-	-	-	-	-	-	-	chr4_99339632_T_C	0.363636	18180	protective	no_assertion_criteria_provided	Alcohol_dependence	0.426829	1886	805
chr4_99341085_C_T	chr4:99341085	T	ENSG00000248144	ENST00000515683	Transcript	intron_variant	-	-	-	-	-	rs141973904	MODIFIER	-	-1	-	1	SNV	ADH1C	HGNC	HGNC:251	protein_coding	YES	-	1	P1	CCDS54780.1	ENSP00000426083	P00326	-	UPI0000001311	-	1	-	-	-	6/8	-	-	ENST00000515683.6:c.829-375G>A	-	-	0.0084	0.0008	0.0331	0.001	0.0159	0.001	-	-	-	-	-	-	-	-	-	-	-	0.0331	AMR	-	-	1	-	-	-	-	-	-4.970	-	-	rs141973904	9.75074e-03	302	30972	1.34577e-02	rs141973904	1.59277e-02	2281	143210	-	-	-	-	-	-	-	-	-	-	chr4_99341085_C_T	0.034091	-	-	-	-	0.0148462	1886	28
chr4_99341085_C_T	chr4:99341085	T	ENSG00000196616	ENST00000639454	Transcript	intron_variant	-	-	-	-	-	rs141973904	MODIFIER	-	-1	-	1	SNV	ADH1B	HGNC	HGNC:250	protein_coding	-	-	5	-	-	ENSP00000491622	-	V9HW50	UPI00001699B5	-	1	-	-	-	1/8	-	-	ENST00000639454.1:c.18+11573G>A	-	-	0.0084	0.0008	0.0331	0.001	0.0159	0.001	-	-	-	-	-	-	-	-	-	-	-	0.0331	AMR	-	-	1	-	-	-	-	-	-4.970	-	-	rs141973904	9.75074e-03	302	30972	1.34577e-02	rs141973904	1.59277e-02	2281	143210	-	-	-	-	-	-	-	-	-	-	chr4_99341085_C_T	0.034091	-	-	-	-	0.0148462	1886	28
chr4_99342808_C_T	chr4:99342808	T	ENSG00000248144	ENST00000515683	Transcript	missense_variant	886	815	272	R/Q	cGg/cAg	rs1693482,CM860053	MODERATE	-	-1	-	1	SNV	ADH1C	HGNC	HGNC:251	protein_coding	YES	-	1	P1	CCDS54780.1	ENSP00000426083	P00326	-	UPI0000001311	-	1	tolerated(0.14)	benign(0.007)	6/9	-	PDB-ENSP_mappings:1ht0.A,PDB-ENSP_mappings:1ht0.B,PDB-ENSP_mappings:1u3w.A,PDB-ENSP_mappings:1u3w.B,Gene3D:3.40.50.720,Gene3D:3.90.180.10,Pfam:PF00107,PANTHER:PTHR43880,PANTHER:PTHR43880:SF11,SMART:SM00829,Superfamily:SSF51735,CDD:cd08299	-	ENST00000515683.6:c.815G>A	ENSP00000426083.1:p.Arg272Gln	-	0.2143	0.0998	0.2709	0.0764	0.4046	0.2751	0.1498	0.3842	0.3446	0.1428	0.3274	0.2635	0.07774	0.5174	0.4022	0.3468	0.3222	0.5174	gnomAD_FIN	protective	-	1,1	19379518,16685648,21940907,18996923,18936436,18331377,21083667,21467728,22004471,22560290,22675424,22806211,24633362,25047496,28805974,3758060,15863807,16018848,17185388,17273965,17718394,17923853,19193628,19526455,19861527,20101753,20810466,21143251,21303386,21635275,22048268,22363810,23404349,24735490,26849558,20700531,26396927,19581569,22577853,21901107,16455479,17379229,29808834,20477764,16415175,28714907,23134043,26110981,23516558,23468174,23019235,30409984,28118990	-	-	-	-	-1.140	chr4:99342808-99342808	0.40137	rs1693482	3.36134e-01	10400	30940	4.29620e-01	rs1693482	3.13688e-01	44907	143158	-	-	-	-	-	-	-	-	-	-	chr4_99342808_C_T	0.363636	18179	protective	no_assertion_criteria_provided	Alcohol_dependence	0.426752	1884	804
chr4_99342808_C_T	chr4:99342808	T	ENSG00000196616	ENST00000639454	Transcript	intron_variant	-	-	-	-	-	rs1693482,CM860053	MODIFIER	-	-1	-	1	SNV	ADH1B	HGNC	HGNC:250	protein_coding	-	-	5	-	-	ENSP00000491622	-	V9HW50	UPI00001699B5	-	1	-	-	-	1/8	-	-	ENST00000639454.1:c.18+9850G>A	-	-	0.2143	0.0998	0.2709	0.0764	0.4046	0.2751	0.1498	0.3842	0.3446	0.1428	0.3274	0.2635	0.07774	0.5174	0.4022	0.3468	0.3222	0.5174	gnomAD_FIN	protective	-	1,1	19379518,16685648,21940907,18996923,18936436,18331377,21083667,21467728,22004471,22560290,22675424,22806211,24633362,25047496,28805974,3758060,15863807,16018848,17185388,17273965,17718394,17923853,19193628,19526455,19861527,20101753,20810466,21143251,21303386,21635275,22048268,22363810,23404349,24735490,26849558,20700531,26396927,19581569,22577853,21901107,16455479,17379229,29808834,20477764,16415175,28714907,23134043,26110981,23516558,23468174,23019235,30409984,28118990	-	-	-	-	-1.140	chr4:99342808-99342808	0.40137	rs1693482	3.36134e-01	10400	30940	4.29620e-01	rs1693482	3.13688e-01	44907	143158	-	-	-	-	-	-	-	-	-	-	chr4_99342808_C_T	0.363636	18179	protective	no_assertion_criteria_provided	Alcohol_dependence	0.426752	1884	804
chr4_100261610_G_C	chr4:100261610	C	-	-	-	intergenic_variant	-	-	-	-	-	rs188514326	MODIFIER	-	-	-	1	SNV	-	-	-	-	-	-	-	-	-	-	-	-	-	-	-	-	-	-	-	-	-	-	-	-	0.0028	0	0.013	0	0.004	0.001	-	-	-	-	-	-	-	-	-	-	-	0.013	AMR	-	-	1	-	-	-	-	-	-1.330	-	-	rs188514326	4.65387e-03	144	30942	7.06949e-03	rs188514326	6.60531e-03	946	143218	-	-	-	-	-	-	-	-	-	-	chr4_100261610_G_C	0.022727	-	-	-	-	0.00530223	1886	10
chr4_102267552_C_T	chr4:102267552	T	ENSG00000138821	ENST00000394833	Transcript	missense_variant	1648	1171	391	A/T	Gct/Act	rs13107325,CM1111819	MODERATE	-	-1	-	1	SNV	SLC39A8	HGNC	HGNC:20862	protein_coding	YES	-	1	P1	CCDS3656.1	ENSP00000378310	Q9C0K1	A0A024RDG0	UPI0000046C4E	-	1	tolerated(0.11)	benign(0.313)	7/8	-	PANTHER:PTHR12191,PANTHER:PTHR12191:SF2,Pfam:PF02535,Transmembrane_helices:TMhelix	-	ENST00000394833.6:c.1171G>A	ENSP00000378310.2:p.Ala391Thr	-	0.0236	0.0023	0.0504	0	0.0795	0	0.01543	0.0757	0.04543	0.01247	0.03767	0.1329	0.0007081	0.01058	0.06954	0.05561	0.003078	0.1329	gnomAD_ASJ	-	-	1,1	21860704,20864672,24861553,26582562,25184405,22504314,23236286,21466928,22355368,20935630,21778217,21935397,24992585,26614692,25269698,25302496,26908625,23471855,21909115,24847357,27494321,26956984,26374450,27601421,27701450,28917719,26025379,19503599,26959009,26604143,28542467,22078303,26006263,27182965,27492617,28557351,28222112,28481222,30090406,28296976,29608557,26411566,25903154,25533967,23478099,29691431,27466201,28391526,28763444,23529959,25422053,22829449,24981077,28073954,25357204,23303660,25921383,23168566,27207519,22318508,28678979,24535189,27466198,25825681,30224653,30271426,30524135,30301978,30619481,30705251,30696806,30703110	-	-	-	-	-1.100	-	-	rs13107325	4.18469e-02	1296	30970	6.48901e-02	chr4:102267552-102267552	4.47712e-02	6409	143150	-	-	-	-	-	-	-	-	-	-	chr4_102267552_C_T	0.056818	-	-	-	-	0.0790032	1886	149
chr4_102276925_A_G	chr4:102276925	G	ENSG00000138821	ENST00000394833	Transcript	intron_variant	-	-	-	-	-	rs13135092	MODIFIER	-	-1	-	1	SNV	SLC39A8	HGNC	HGNC:20862	protein_coding	YES	-	1	P1	CCDS3656.1	ENSP00000378310	Q9C0K1	A0A024RDG0	UPI0000046C4E	-	1	-	-	-	5/7	-	-	ENST00000394833.6:c.841-8846T>C	-	-	0.0250	0.0023	0.0519	0	0.0855	0	-	-	-	-	-	-	-	-	-	-	-	0.0855	EUR	-	-	1	-	-	-	-	-	0.139	-	-	rs13135092	4.74391e-02	1469	30966	7.36372e-02	rs13135092	5.10257e-02	7313	143320	-	-	-	-	-	-	-	-	-	-	chr4_102276925_A_G	0.090909	-	-	-	-	0.0922588	1886	174
chr8_92329269_C_T	chr8:92329269	T	-	-	-	intergenic_variant	-	-	-	-	-	rs35040843	MODIFIER	-	-	-	1	SNV	-	-	-	-	-	-	-	-	-	-	-	-	-	-	-	-	-	-	-	-	-	-	-	-	0.2115	0.0514	0.1628	0.2212	0.326	0.3344	-	-	-	-	-	-	-	-	-	-	-	0.3344	SAS	-	-	1	-	-	-	-	-	-0.535	-	-	rs35040843	2.25623e-01	6974	30910	2.86467e-01	rs35040843	2.17681e-01	31154	143118	-	-	-	-	-	-	-	-	-	-	chr8_92329269_C_T	0.193182	-	-	-	-	0.253446	1886	478
chr10_30089934_A_G	chr10:30089934	G	ENSG00000165757	ENST00000465712	Transcript	intron_variant,non_coding_transcript_variant	-	-	-	-	-	rs7078436	MODIFIER	-	-1	-	1	SNV	JCAD	HGNC	HGNC:29283	lncRNA	-	-	3	-	-	-	-	-	-	-	-	-	-	-	1/2	-	-	ENST00000465712.1:n.129-20113T>C	-	-	0.4874	0.8018	0.4035	0.5565	0.3171	0.226	-	-	-	-	-	-	-	-	-	-	-	0.8018	AFR	-	-	1	-	-	-	-	-	-4.820	-	-	rs7078436	4.46098e-01	13788	30908	3.10840e-01	chr10:30089934-30089934	4.63409e-01	66311	143094	-	-	-	-	-	-	-	-	-	-	chr10_30089934_A_G	0.352273	-	-	-	-	0.30859	1886	582
chr11_47413435_G_A	chr11:47413435	A	ENSG00000165915	ENST00000362021	Transcript	synonymous_variant	654	573	191	A	gcG/gcA	rs2293576	LOW	-	1	-	1	SNV	SLC39A13	HGNC	HGNC:20859	protein_coding	YES	-	1	-	CCDS44592.1	ENSP00000354689	Q96H72	-	UPI00004564C5	-	1	-	-	5/10	-	Low_complexity_(Seg):seg,PANTHER:PTHR16950,PANTHER:PTHR16950:SF16	-	ENST00000362021.9:c.573G>A	ENSP00000354689.4:p.Ala191%3D	-	0.2706	0.0136	0.2147	0.3988	0.3111	0.4836	0.06951	0.3361	0.3096	0.05968	0.1908	0.3447	0.3733	0.2662	0.3349	0.3222	0.4604	0.4836	SAS	benign	-	1	24033266,24743338	-	-	-	-	-2.520	chr11:47413435-47413435	0.71425	rs2293576	2.50939e-01	7750	30884	3.35829e-01	chr11:47413435-47413435	2.42317e-01	34692	143168	-	-	-	-	-	-	-	-	-	-	chr11_47413435_G_A	0.306818	384707	Benign	criteria_provided,_multiple_submitters,_no_conflicts	not_specified	0.340933	1886	643
chr11_47413435_G_A	chr11:47413435	A	ENSG00000255197	ENST00000666926	Transcript	upstream_gene_variant	-	-	-	-	-	rs2293576	MODIFIER	4164	-1	-	1	SNV	AC090559.1	Clone_based_ensembl_gene	-	lncRNA	YES	-	-	-	-	-	-	-	-	-	-	-	-	-	-	-	-	-	-	-	0.2706	0.0136	0.2147	0.3988	0.3111	0.4836	0.06951	0.3361	0.3096	0.05968	0.1908	0.3447	0.3733	0.2662	0.3349	0.3222	0.4604	0.4836	SAS	benign	-	1	24033266,24743338	-	-	-	-	-2.520	chr11:47413435-47413435	0.71425	rs2293576	2.50939e-01	7750	30884	3.35829e-01	chr11:47413435-47413435	2.42317e-01	34692	143168	-	-	-	-	-	-	-	-	-	-	chr11_47413435_G_A	0.306818	384707	Benign	criteria_provided,_multiple_submitters,_no_conflicts	not_specified	0.340933	1886	643
chr17_46019187_G_A	chr17:46019187	A	ENSG00000186868	ENST00000344290	Transcript	intron_variant	-	-	-	-	-	rs62062288	MODIFIER	-	1	-	1	SNV	MAPT	HGNC	HGNC:6893	protein_coding	YES	-	1	A2	CCDS45715.1	ENSP00000340820	P10636	-	UPI0001AE66E9	-	1	-	-	-	14/14	-	-	ENST00000344290.9:c.2115+457G>A	-	-	0.0859	0.0212	0.147	0.001	0.2366	0.0624	-	-	-	-	-	-	-	-	-	-	-	0.2366	EUR	-	-	1	-	-	-	-	-	-0.798	-	-	rs62062288	1.20347e-01	3718	30894	1.85386e-01	rs62062288	1.41537e-01	20254	143100	-	-	-	-	-	-	-	-	-	-	chr17_46019187_G_A	0.227273	-	-	-	-	0.108696	1886	205
chr19_48703160_A_G	chr19:48703160	G	ENSG00000176920	ENST00000425340	Transcript	synonymous_variant	321	204	68	A	gcA/gcG	rs492602	LOW	-	1	-	1	SNV	FUT2	HGNC	HGNC:4013	protein_coding	YES	-	1	P1	CCDS33069.1	ENSP00000387498	Q10981	A8K2L2	UPI00000338F5	-	1	-	-	2/2	-	Pfam:PF01531,PANTHER:PTHR11927,PANTHER:PTHR11927:SF2	-	ENST00000425340.2:c.204A>G	ENSP00000387498.2:p.Ala68%3D	-	0.3217	0.4909	0.3415	0.004	0.4414	0.2832	0.4982	0.493	0.3828	0.4983	0.2643	0.449	0.002676	0.3741	0.4756	0.4303	0.3134	0.4983	gnomAD_AFR	-	-	1	21860704,19474294,21804106,20570966,21129726,19744961,25302496,22025780,18776911,22199995,23119086,23227234,23468552,27690091,28453778,28250428,26883866,29445423,23190900,27773431,29040465,30069262,24533076,24586186,29507422	-	-	-	-	-7.440	-	-	rs492602	4.22150e-01	13036	30880	4.46872e-01	rs492602	4.49117e-01	64230	143014	-	-	-	-	-	-	-	-	-	-	chr19_48703160_A_G	0.465909	-	-	-	-	0.375398	1886	708
