Uploaded_variation	Location	Allele	Consequence	IMPACT	SYMBOL	Gene	Feature_type	Feature	BIOTYPE	EXON	INTRON	HGVSc	HGVSp	cDNA_position	CDS_position	Protein_position	Amino_acids	Codons	Existing_variation	DISTANCE	STRAND	FLAGS	SYMBOL_SOURCE	HGNC_ID	SIFT	PolyPhen	AF	AFR_AF	AMR_AF	EAS_AF	EUR_AF	SAS_AF	gnomAD_AF	gnomAD_AFR_AF	gnomAD_AMR_AF	gnomAD_ASJ_AF	gnomAD_EAS_AF	gnomAD_FIN_AF	gnomAD_NFE_AF	gnomAD_OTH_AF	gnomAD_SAS_AF	CLIN_SIG	SOMATIC	PHENO	PUBMED	MOTIF_NAME	MOTIF_POS	HIGH_INF_POS	MOTIF_SCORE_CHANGE	TRANSCRIPTION_FACTORS
rs2003046	1:10972770-10972770	A	intron_variant	MODIFIER	C1orf127	ENSG00000175262	Transcript	ENST00000377004	protein_coding	-	2/12	-	-	-	-	-	-	-	rs2003046	-	-1	-	HGNC	HGNC:26730	-	-	0.2494	0.3585	0.255	0.1905	0.2286	0.18	-	-	-	-	-	-	-	-	-	-	-	-	18545701	-	-	-	-	-
rs17646946	1:152090291-152090291	A	upstream_gene_variant	MODIFIER	TCHHL1	ENSG00000182898	Transcript	ENST00000368806	protein_coding	-	-	-	-	-	-	-	-	-	rs17646946	1227	-1	-	HGNC	HGNC:31796	-	-	0.1132	0.1097	0.1124	0.002	0.2425	0.1002	-	-	-	-	-	-	-	-	-	-	-	1	20585627,19896111,29091937,24404405,29220522	-	-	-	-	-
rs4481887	1:248333561-248333561	G	intergenic_variant	MODIFIER	-	-	-	-	-	-	-	-	-	-	-	-	-	-	rs4481887	-	-	-	-	-	-	-	-	0.9002	0.7824	0.8621	0.7227	0.8978	-	-	-	-	-	-	-	-	-	-	-	1	20585627,27965198,20876394,24715883	-	-	-	-	-
rs7903146	10:112998590-112998590	G	intron_variant	MODIFIER	TCF7L2	ENSG00000148737	Transcript	ENST00000627217	protein_coding	-	4/13	-	-	-	-	-	-	-	rs7903146,CS065626	-	1	-	HGNC	HGNC:11641	-	-	-	-	-	-	-	-	-	-	-	-	-	-	-	-	-	-	-	1,1	21467728,18248681,23497168,26621708,26933222,28690685,29972410,30571812,25224558,29802748,18654799,26365620,31231424,27118880,27684940,22916254,30584432,21767357,23946381,24889212,22992668,24270849,27730450,20532014,21084393,24987407,23013243,22427875,21245030,24309190,31623129,21672010,20081858,20185807,20693352,20805255,20870969,20886378,21091714,21278902,21378175,21421807,21515849,21949744,22708638,23073174,23185617,23193118,23462794,24843659,24864266,24906951,24926958,25145545,25658847,25774817,26240488,26964836,27053236,27383215,27782183,28821857,26683835,27351487,27551723,27424552,22623965,18852197,19161620,19750184,22972380,24931982,26648684,19626703,22038522,23874820,20876667,22923468,17903298,27480816,18282109,18992263,21407270,21424820,18461161,22865700,17311858,24278702,27168765,18694974,19341491,24982668,23507081,22301903,23577239,20682688,22113416,19267370,19760027,24959828,28133617,29325775,27187494,28738793,27589775,27051588,24845081,21347282,26509107,25477898,17554300,17683561,18310307,1855633	-	-	-	-	-
rs72921001	11:6868417-6868417	A	intron_variant	MODIFIER	OR10A2	ENSG00000170790	Transcript	ENST00000641461	protein_coding	-	1/1	-	-	-	-	-	-	-	rs72921001	-	1	-	HGNC	HGNC:8161	-	-	0.3243	0.2073	0.3732	0.3135	0.3569	0.4254	-	-	-	-	-	-	-	-	-	-	-	-	-	-	-	-	-	-
rs2741762	11:6871635-6871635	A	3_prime_UTR_variant	MODIFIER	OR10A2	ENSG00000170790	Transcript	ENST00000641461	protein_coding	2/2	-	-	-	2308	-	-	-	-	rs2741762	-	1	-	HGNC	HGNC:8161	-	-	-	0.2912	0.5951	0.6855	0.6392	0.5726	-	-	-	-	-	-	-	-	-	-	-	-	17903299	-	-	-	-	-
rs3930459	11:7932411-7932411	A	downstream_gene_variant	MODIFIER	OR10A3	ENSG00000170683	Transcript	ENST00000642047	protein_coding	-	-	-	-	-	-	-	-	-	rs3930459	4760	-1	-	HGNC	HGNC:8162	-	-	-	-	-	-	-	-	-	-	-	-	-	-	-	-	-	-	-	-	-	-	-	-	-	-
rs1815739	11:66560624-66560624	T	stop_gained	HIGH	ACTN3	ENSG00000248746	Transcript	ENST00000513398	protein_coding	15/21	-	-	-	1764	1729	577	R/*	Cga/Tga	rs1815739,CM990112	-	1	-	HGNC	HGNC:165	-	-	-	0.115	0.572	0.4435	0.4344	0.5869	-	-	-	-	-	-	-	-	-	pathogenic,benign,affects	-	1,1	21540342,21894447,27274104,28666769,18852891,20585627,21178099,23940833,27798356,27535653,31861518,26932450,29143599,19237423,21967077,25682119,26716680,23927501,29103441,29345962,27294501,22037866,27601773,31139091,26677828,30366217,30167790,20845221,10192379,10797427,11440986,12879365,15886711,17033684,17828264,18043716,19544227,20005538,20561285,20936592,21154707,21407828,21542061,22224919,22891846,23522773,24343324,25761735,25831089,26324221,26757799,27821924,27861536,27913923,28293018,28303562,28337894,28416896,29032593,29165731,30327870,31145768,31146466,28103813,31035544,31083420,28139640,23073218,25059829,25706920,29875488,24367777,25414746,29326606,29298672,31666891,24598548,26681802,29706347,26107372,25937445,25566457,26526670,28257486,25929793,25671201,31309183,25439211,25729363,29416549,26448692,26930663,28444615,22916217,27075997,27274666,31990958,28566803,23285413,18756004,30740132,25780092,30899135,23145141,30079400,17627799	-	-	-	-	-
rs1393350	11:89277878-89277878	A	intron_variant	MODIFIER	TYR	ENSG00000077498	Transcript	ENST00000263321	protein_coding	-	3/4	-	-	-	-	-	-	-	rs1393350	-	1	-	HGNC	HGNC:12442	-	-	0.0793	0.0083	0.1225	0.003	0.2435	0.0542	-	-	-	-	-	-	-	-	-	-	-	1	20410501,26870082,20585627,20505153,20585100,19340012,21926416,25077817,24274136,22988944,27221533,20463881,26547235,18483556,23927501,22629401,21197618,31762634,27468418,19384953,17952075,19863770,21674838,23948321,24631691,24880832,26848990,30980179,24924479,29658972,21983787,19578364,21221757,24926819,25724930,27993549,28212542,23986280,28240252,30531825,25380778,28701907,25154630,28030571,21693730,23100201,29890168,25963972,27766958,23843775,23317428,28819144,28500464,22284939,19278628	-	-	-	-	-
rs121912617	12:26122364-26122364	A	missense_variant	MODERATE	BHLHE41	ENSG00000123095	Transcript	ENST00000242728	protein_coding	5/5	-	-	-	1409	1151	384	P/L	cCg/cTg	rs121912617,CM095045	-	-1	-	HGNC	HGNC:16617	deleterious_low_confidence(0.01)	benign(0.155)	-	-	-	-	-	-	0	0	0	0	0	0	0	0	0	-	-	1,1	19679812,25083013	-	-	-	-	-
rs1042725	12:65964567-65964567	T	3_prime_UTR_variant	MODIFIER	HMGA2	ENSG00000149948	Transcript	ENST00000403681	protein_coding	5/5	-	-	-	2393	-	-	-	-	rs1042725,CR078543,COSV67804157	-	1	-	HGNC	HGNC:5009	-	-	0.5825	0.3351	0.6441	0.8234	0.5368	0.6718	-	-	-	-	-	-	-	-	-	-	0,0,1	1,1,1	20357209,21102462,19197348,20397748,20966902,18391952,19030899,19039035,20017971,21931568,23339409,19557161,19343178,19458495,21233139,27677077,18391950,23575227,21771328,27896934,20195514,31681408,22216288,22504418,22504419,26445370,18350145,18193045,19132395,32104047,17767157,19139030,19376282,19930247,20058197,26536448,25673883,23202124,19277063,27646915,25626716,19728540,30006737,19508721,25429064,30778381,30297969,19559388,27924921,19266077,26491539,18950892,18371414,19298872,32042192,30595370,31761296,32888493,31217584	-	-	-	-	-
rs12821256	12:88934558-88934558	A	TF_binding_site_variant	MODIFIER	-	-	MotifFeature	ENSM00194571538	-	-	-	-	-	-	-	-	-	-	rs12821256,CR146421	-	-1	-	-	-	-	-	-	-	-	-	-	-	-	-	-	-	-	-	-	-	-	-	-	1,1	20585627,20546537,30359302,23548203,25473424,18483556,23110848,20042077,23927501,21197618,17952075,19863770,26286644,28094792,26522471,24880339,29662168,30429480,30531825,29195075,26184321,29741686,27766958,23843775,23317428,28819144,29727691,28500464,19464592,19464594,20601102	ENSPFM0598	4	Y	-0.001	TFAP2C::MAX
rs671	12:111803962-111803962	A	missense_variant	MODERATE	ALDH2	ENSG00000111275	Transcript	ENST00000261733	protein_coding	12/13	-	-	-	1560	1510	504	E/K	Gaa/Aaa	rs671,CM870003,COSV55665271	-	1	-	HGNC	HGNC:404	deleterious(0)	possibly_damaging(0.874)	0.0357	0.0015	0.0029	0.1736	0	0	0.01888	0.0001945	0.0003899	0	0.2544	4.708E-05	2.743E-05	0.005546	0.0002698	protective,drug_response,risk_factor	0,0,1	1,1,1	21467728,20981351,20616999,16595073,21926110,30793520,31428123,31516756,19430479,27437086,25045619,26848030,28371326,20505153,20585100,21572416,27588484,22010049,26770579,21315679,19826048,23072573,27827401,25337902,29953918,30123371,21437268,19641380,19041386,24274136,20729852,24968322,27294413,22865593,23555315,22004471,31289104,29212154,18331377,18996923,21083667,21351086,21917409,22560290,22675424,22806211,22930414,22978509,24633362,29166882,30842089,24652602,22674868,23430454,25133033,30639619,20100738,18056758,19262484,19698717,20833657,21338875,21372407,21576033,21900886,22301922,22507220,22640768,23088731,23629646,23969552,24282520,24716453,25047496,25411394,25543168,25573768,26125444,26284938,26542604,26825972,26827895,26992901,27038040,27927211,27986911,27991683,28212515,28349588,28485404,28566767,28805974,29063269,29176272,29286190,29616362,29942042,30173282,30334266,30374405,30482948,30629674,30753320,30955975,31011876,31366848,31558841,31591379,31845443,32084087,32107439,29124443,29016630,2815854	-	-	-	-	-
rs2332175	14:69878694-69878694	A	upstream_gene_variant	MODIFIER	SMOC1	ENSG00000198732	Transcript	ENST00000361956	protein_coding	-	-	-	-	-	-	-	-	-	rs2332175	722	1	-	HGNC	HGNC:20318	-	-	0.4906	0.1536	0.5562	0.7946	0.5437	0.5317	-	-	-	-	-	-	-	-	-	-	-	1	29659830	-	-	-	-	-
rs12896399	14:92307319-92307319	A	intergenic_variant	MODIFIER	-	-	-	-	-	-	-	-	-	-	-	-	-	-	rs12896399	-	-	-	-	-	-	-	-	-	-	-	-	-	-	-	-	-	-	-	-	-	-	-	-	1	20585627,20546537,20158590,21926416,19609347,20393453,21445957,23548203,27221533,20463881,21835309,18483556,23927501,19884608,21197618,31762634,27468418,23771755,24473444,17952075,19863770,19710684,21674838,23948321,24631691,24880832,26848990,30980179,29518100,27435525,29658972,24436253,24416183,23986280,28240252,29129317,25154630,30166351,28030571,27454804,27766958,23843775,28819144,28500464,19464594,22284939,19278628,20601102	-	-	-	-	-
rs12896399	14:92307319-92307319	A	intergenic_variant	MODIFIER	-	-	-	-	-	-	-	-	-	-	-	-	-	-	rs12896399	-	-	-	-	-	-	-	-	-	-	-	-	-	-	-	-	-	-	-	-	-	-	-	-	1	20585627,20546537,20158590,21926416,19609347,20393453,21445957,23548203,27221533,20463881,21835309,18483556,23927501,19884608,21197618,31762634,27468418,23771755,24473444,17952075,19863770,19710684,21674838,23948321,24631691,24880832,26848990,30980179,29518100,27435525,29658972,24436253,24416183,23986280,28240252,29129317,25154630,30166351,28030571,27454804,27766958,23843775,28819144,28500464,19464594,22284939,19278628,20601102	-	-	-	-	-
rs4778138	15:28090674-28090674	G	intron_variant	MODIFIER	OCA2	ENSG00000104044	Transcript	ENST00000354638	protein_coding	-	1/23	-	-	-	-	-	-	-	rs4778138	-	-1	-	HGNC	HGNC:8101	-	-	-	0.7179	0.2853	0.7391	0.169	0.4642	-	-	-	-	-	-	-	-	-	-	-	1	20585627,20546537,20876667,21926416,18252221,18483556,22629401,17236130,22065085,18252222,21197618,27499155,19472299,18528436,18683857,21270109,30980179,26286644,30429480,28212542,17803354,26237428,30166351,30060076,32041948,31169496,21901107	-	-	-	-	-
rs12913832	15:28120472-28120472	G	intron_variant	MODIFIER	HERC2	ENSG00000128731	Transcript	ENST00000261609	protein_coding	-	86/92	-	-	-	-	-	-	-	rs12913832,CR082028	-	-1	-	HGNC	HGNC:4868	-	-	0.1773	0.028	0.2017	0.002	0.6362	0.0706	-	-	-	-	-	-	-	-	-	association	-	1,1	27539887,24270849,30087317,26870082,24763138,20585627,23049788,20546537,22541939,19340012,23907626,25125603,20158590,21926416,26249223,30359302,21208434,21253569,20018053,23548203,27221533,20463881,23118974,30306274,21835309,26547235,26926045,23543094,18483556,24661571,20221248,23110848,20308648,23927501,20691402,29228715,22629401,20949057,25918132,23205161,21533023,22194982,27458546,19668368,27274049,21907010,17236130,27081560,22065085,18252222,21197618,27499155,28456133,31762634,18172690,19472299,20457063,22709892,24809478,25376095,27468418,23771755,26690364,27135931,30895295,31315583,28242083,22734612,19208107,19710684,21674838,23948321,24631691,24681889,24880832,26848990,29109912,20569440,21270109,30980179,18650849,19278018,19619260,19711812,20629734,22101828,22234890,24387780,24614105,24924479,25410285,26286644,26547379,26595274,26988143,27055116,27435525,27760139,29315480,29658972,29974532,32121219,28781888,29093029,25093503,25307738,29771307,29343290,29662168,23486544,23612573,24392023,25058410,3071334	-	-	-	-	-
rs1667394	15:28285036-28285036	A	intron_variant	MODIFIER	HERC2	ENSG00000128731	Transcript	ENST00000261609	protein_coding	-	4/92	-	-	-	-	-	-	-	rs1667394	-	-1	-	HGNC	HGNC:4868	-	-	-	-	-	-	-	-	-	-	-	-	-	-	-	-	-	-	-	1	20585627,20546537,20876667,18252221,23118974,18483556,21533023,22065085,18252222,27499155,17952075,19863770,26286644,29739929,29129317,30166351,23100201,27896059,26615180,28500464,19464592,19464594	-	-	-	-	-
rs2472297	15:74735539-74735539	T	intergenic_variant	MODIFIER	-	-	-	-	-	-	-	-	-	-	-	-	-	-	rs2472297	-	-	-	-	-	-	-	0.0657	0.0144	0.0893	0	0.2147	0.0327	-	-	-	-	-	-	-	-	-	-	-	1	22238607,20018080,19479063,30119983,21876539,27845333,29976226,19276377,31214239,26695521,21357676,23492908,24926919,22854411,26002927,25075865,27561104,27741566,29025033,29760501,30922102,31486166,29367735,21989077,24340040,30643251,31941550,29971434,25288136,29186515,30257492,31152163,28931532,22293536,31409800,30220432,31451708,32555152,32451486,31501611,27702941,32393786,31630189,31046077,31578528,30910378,31837886	-	-	-	-	-
rs762551	15:74749576-74749576	A	intron_variant	MODIFIER	CYP1A2	ENSG00000140505	Transcript	ENST00000343932	protein_coding	-	1/6	-	-	-	-	-	-	-	rs762551,CR993820,COSV59659144	-	1	-	HGNC	HGNC:2596	-	-	-	0.562	0.7579	0.6726	0.6799	0.5348	-	-	-	-	-	-	-	-	-	likely_benign	0,0,1	1,1,1	21467728,26819062,26451011,18992148,24944790,19430483,23946381,20691427,21935354,19860743,24177223,25719551,21618522,22610071,22822096,25355624,28827732,22301281,25207010,19415745,17160896,18632753,18990750,20937634,22645715,23015320,23175176,23299405,17116718,26858644,25231222,21918647,23959649,30356105,23130019,25729430,26785747,29681089,30093869,21081473,27977510,26779253,26942037,21998633,24884825,17688403,19636338,21876539,30886581,31629678,20389299,30713339,22784880,26988277,27110117,28346059,32042822,23797323,19287484,20505544,30706164,28900995,19276377,21132113,18941913,27029552,21958689,16172230,18075470,18268115,18759349,18798002,19338043,19822571,20029944,20131310,20213484,20304699,20532872,20559687,20641098,20652353,20957336,21281405,21289622,21357676,21382071,21834891,21918509,22448283,22466345,22492992,22648710,22655262,22724046,23157985,23462460,23492908,23528250,23530639,23628800,23686565,24293373,24372004,25348619,25472037,25602162,26062916,26331989,26348712,26865042,26904401,27171561,2789433	-	-	-	-	-
rs1051730	15:78601997-78601997	A	synonymous_variant	LOW	CHRNA3	ENSG00000080644	Transcript	ENST00000326828	protein_coding	5/6	-	-	-	847	645	215	Y	taC/taT	rs1051730,CM078027,COSV58774115	-	-1	-	HGNC	HGNC:1957	-	-	0.1681	0.087	0.2161	0.0268	0.3688	0.183	0.2693	0.1124	0.1664	0.3829	0.03218	0.3214	0.3488	0.299	0.2358	drug_response,risk_factor	0,0,1	1,1,1	23267696,22992668,23820649,17135278,21808284,20158304,21430647,25045619,22586632,22832964,19750184,19247474,19800047,20585100,21438146,26044620,23055711,18957677,23196875,24388127,26981122,27805284,19951401,23565320,23942779,24688116,22662130,18565990,18571741,19259974,19859904,25036316,27166759,19029397,21606948,20736995,23691092,24667010,25778907,22290489,23249876,23943838,21296624,29688528,24786987,19569043,19639606,20418890,18385676,27230571,24084939,24572595,26961927,23942621,26981579,22837378,25174004,19064933,23090857,25642160,27294413,27663783,29216386,23429840,25658328,21685187,25632390,25874685,22899653,21949713,19300500,22806211,23454887,23349013,26079503,20485328,18794855,20010835,27694844,22301922,22640768,23701534,29942042,22492058,22281715,19300482,20656943,21921092,22080838,20010834,24733007,23692359,23228068,30617275,22280835,26833182,22461431,22793939,23299987,28474623,25009551,19628476,20554942,21168125,21229299,21858091,22241830,22382757,22438940,22945651,23024249,23029550,23143843,2368967	-	-	-	-	-
rs11856995	15:95782414-95782414	C	intron_variant,non_coding_transcript_variant	MODIFIER	-	ENSG00000275016	Transcript	ENST00000612595	lncRNA	-	2/2	-	-	-	-	-	-	-	rs11856995	-	1	-	-	-	-	-	0.2075	0.0507	0.3156	0.3304	0.3161	0.1043	-	-	-	-	-	-	-	-	-	-	-	-	20585627,30899065	-	-	-	-	-
rs17822931	16:48224287-48224287	G	missense_variant	MODERATE	ABCC11	ENSG00000121270	Transcript	ENST00000356608	protein_coding	5/30	-	-	-	782	538	180	G/R	Ggg/Cgg	rs17822931,CM062373,COSV62323034	-	-1	-	HGNC	HGNC:14639	deleterious(0)	probably_damaging(0.923)	-	-	-	-	-	-	3.983E-06	0	2.897E-05	0	0	0	0	0	0	-	0,0,1	1,1,1	21467728,16255080,19737746,18817904,29895819,21589938,30971527,25887915,27027309,16444273,17394018,18037328,19650936,19710689,20937735,21423094,23325016,23760047,24019265,28485377,29602456,30047321,30883634,29343290,23445748,23516368,28212277,28098149,29180914,28369217,17803354,29091727,27057547,23316210,30072632,25501636,26634572,27281343,27903959,21182469,16901678,17897868	-	-	-	-	-
rs1421085	16:53767042-53767042	C	intron_variant	MODIFIER	FTO	ENSG00000140718	Transcript	ENST00000471389	protein_coding	-	1/8	-	-	-	-	-	-	-	rs1421085,CR119358	-	1	-	HGNC	HGNC:24678	-	-	0.2286	0.056	0.2392	0.1687	0.4324	0.3067	-	-	-	-	-	-	-	-	-	risk_factor	-	1,1	30584432,21118518,23799528,26818947,28253266,21778217,24992585,22614171,24879436,27547017,28699988,23101478,22513296,26727462,23577239,25477898,19079261,20127379,21976109,19557161,20421936,20616199,21283731,29381148,21124985,27336604,29622662,29652634,27465381,20075150,27601421,19818665,21150882,24675148,27551991,20430937,28636007,26604143,29220676,21573225,18559663,19153581,19255736,22043165,23236435,23849767,26907388,29466028,30032228,18159244,26833210,30607268,27538985,29487953,22761283,24607704,29410390,28208657,27182965,19876010,29795460,22590636,22084931,18218107,20080751,26726774,30929646,28445147,17658951,30091126,20502638,27241637,28954439,20309761,26961502,29341862,26741700,21317302,31311600,21651756,23001569,23636237,22189543,27064284,18487448,23136261,20442772,19322589,21102551,18379722,18599522,24106974,24768648,27478388,29273742,29525920,30822753,30954417,31852448,28507607,17496892,17928949,18316358,18551112,18572014,18647953,18719664,19151714,20373279,20381893,20404173,20664633,20703240,2087514	-	-	-	-	-
rs9939609	16:53786615-53786615	A	intron_variant	MODIFIER	FTO	ENSG00000140718	Transcript	ENST00000471389	protein_coding	-	1/8	-	-	-	-	-	-	-	rs9939609,CS076623	-	1	-	HGNC	HGNC:24678	-	-	0.3401	0.4939	0.2622	0.1687	0.4135	0.2883	-	-	-	-	-	-	-	-	-	-	-	1,1	21467728,23497168,19906786,20616999,20941391,26365620,27684940,22043166,24340245,21873659,19818126,21499051,23013243,22131368,26873362,21037115,21118518,23799528,20886378,21421807,23193118,23462794,24864266,24926958,25774817,26240488,27053236,27383215,19557197,21102462,28253266,31144980,21079607,21778217,23471855,26683835,27846319,31936053,26029010,26848030,18852197,19161620,19924713,21804106,22972380,28371326,19060910,28167353,19197348,20397748,20966902,23874820,21357378,28401323,31766143,31118946,21466928,27480816,28841830,19474294,19111066,22614171,24879436,19793853,23284729,27217270,27601774,28977211,29679223,29744713,30111348,30767572,23101478,24278702,22355368,22513296,26727462,26374450,23577239,19706362,22535570,24959828,31470081,25430627,28133617,28890888,29325775,30592864,22810975,28738793,27153677,31200723,26828654,25477898,17554300,21873553,23281810,19079261,19553259,20110568,20127379,20520848,20712903,20816195,21526213,21750520,21912638,21976109,22051089,23339409,24528214,20724581,22179955,2599450	-	-	-	-	-
rs1805007	16:89919709-89919709	A	upstream_gene_variant	MODIFIER	TUBB3	ENSG00000258947	Transcript	ENST00000315491	protein_coding	-	-	-	-	-	-	-	-	-	rs1805007,CM981238	3633	1	-	HGNC	HGNC:20772	-	-	-	-	-	-	-	-	-	-	-	-	-	-	-	-	-	-	-	1,1	25741868,16595073,27539887,27716216,20585627,20546537,20876667,29895819,24086514,20158590,21926416,24274136,20393453,21445957,19812545,23548203,27459457,26547235,24642353,25945350,17999355,21700618,20042077,23927501,20691402,22629401,27424798,19884608,21197618,20457063,24809478,24473444,17952075,28242083,19710684,26848990,29109912,31612033,30980179,29518100,24924479,26286644,32121219,24436253,12876664,28510302,25159867,29054604,24439955,27047535,21829225,22140526,17616515,27488084,30657907,16601669,20670983,9571181,15994880,16463023,19194882,23393597,25631192,28081215,29771307,29662168,31220071,26103569,24392023,28212542,24179397,23360207,27555332,23149900,28602423,31238981,26829030,30531825,29774366,30323283,25762173,28701907,26908436,25154630,30166351,29317335,26030184,21693730,24278778,25963972,27766958,30278967,23843775,31174203,22486937,27755135,23317428,28819144,32041948,29846678,28500464,19615406,20598278,16472919,15579207,30595370,32341527	-	-	-	-	-
rs1805007	16:89919709-89919709	A	upstream_gene_variant	MODIFIER	TUBB3	ENSG00000258947	Transcript	ENST00000315491	protein_coding	-	-	-	-	-	-	-	-	-	rs1805007,CM981238	3633	1	-	HGNC	HGNC:20772	-	-	-	-	-	-	-	-	-	-	-	-	-	-	-	-	-	-	-	1,1	25741868,16595073,27539887,27716216,20585627,20546537,20876667,29895819,24086514,20158590,21926416,24274136,20393453,21445957,19812545,23548203,27459457,26547235,24642353,25945350,17999355,21700618,20042077,23927501,20691402,22629401,27424798,19884608,21197618,20457063,24809478,24473444,17952075,28242083,19710684,26848990,29109912,31612033,30980179,29518100,24924479,26286644,32121219,24436253,12876664,28510302,25159867,29054604,24439955,27047535,21829225,22140526,17616515,27488084,30657907,16601669,20670983,9571181,15994880,16463023,19194882,23393597,25631192,28081215,29771307,29662168,31220071,26103569,24392023,28212542,24179397,23360207,27555332,23149900,28602423,31238981,26829030,30531825,29774366,30323283,25762173,28701907,26908436,25154630,30166351,29317335,26030184,21693730,24278778,25963972,27766958,30278967,23843775,31174203,22486937,27755135,23317428,28819144,32041948,29846678,28500464,19615406,20598278,16472919,15579207,30595370,32341527	-	-	-	-	-
rs8085664	18:45234191-45234191	A	intron_variant	MODIFIER	SLC14A2	ENSG00000132874	Transcript	ENST00000586448	protein_coding	-	1/20	-	-	-	-	-	-	-	rs8085664	-	1	-	HGNC	HGNC:10919	-	-	0.3053	0.5113	0.3401	0.1677	0.2624	0.1881	-	-	-	-	-	-	-	-	-	-	-	1	29146897,28196072	-	-	-	-	-
rs601338	19:48703417-48703417	A	stop_gained	HIGH	FUT2	ENSG00000176920	Transcript	ENST00000425340	protein_coding	2/2	-	-	-	582	461	154	W/*	tGg/tAg	rs601338,CM950483,COSV67178879	-	1	-	HGNC	HGNC:4013	-	-	0.3217	0.4909	0.3415	0.004	0.4414	0.2832	0.3828	0.4977	0.2651	0.451	0.002236	0.3745	0.4755	0.431	0.3147	benign,association	0,0,1	1,1,1	21507254,19379518,20565774,22024213,27303667,19474294,21102463,19744961,20041166,22199995,20574445,21829393,27535653,22521342,20570966,26883866,24326010,19169360,31591105,24463784,28334792,18604267,24816252,22025780,28166214,23372041,27871240,23227234,23402911,20971884,26646561,26766790,28824326,18776911,7876234,7876235,12692541,23075394,24612312,24733310,25642664,26454189,26966527,27507062,28742214,28878367,29040465,29533703,29912471,30345375,30376117,30615603,30637338,26085552,22025775,25744498,26389824,30239830,29875488,30636886,27559109,29764838,26231005,30250126,24781901,30504769,28556564,29445423,30709726,25786114,26347074,27016392,31700510,23002346,23522783,30401457,29017966,27773431,21625510,30069262,22068912,24533076,25285128,28874767,28706774,29507422,28928442,31900758,31666285,33067605,32327693,32641083,31015401	-	-	-	-	-
rs838133	19:48756272-48756272	C	synonymous_variant	LOW	FGF21	ENSG00000105550	Transcript	ENST00000593756	protein_coding	2/4	-	-	-	643	36	12	G	ggA/ggC	rs838133,COSV55810289	-	1	-	HGNC	HGNC:3678	-	-	-	-	-	-	-	-	-	-	-	-	-	-	-	-	-	-	0,1	1,1	30032228,29098321,28334792,29321517,23372041,28467924,29641994,30875721,23824729,28559437,29727594,29445423,28989095,24846872,31409800,24716734,29375034,29988085,26724858,30275531,32393786,33067605,32154731,32203549	-	-	-	-	-
rs1172294	2:24946331-24946331	C	3_prime_UTR_variant	MODIFIER	DNAJC27	ENSG00000115137	Transcript	ENST00000264711	protein_coding	7/7	-	-	-	2158	-	-	-	-	rs1172294	-	-1	-	HGNC	HGNC:30290	-	-	-	-	-	-	-	-	-	-	-	-	-	-	-	-	-	-	-	1	23449627	-	-	-	-	-
rs3827760	2:108897145-108897145	C	missense_variant	MODERATE	EDAR	ENSG00000135960	Transcript	ENST00000258443	protein_coding	12/12	-	-	-	1388	1109	370	V/G	gTt/gGt	rs3827760,CM081233,COSV51500022	-	-1	-	HGNC	HGNC:2895	tolerated(0.16)	possibly_damaging(0.784)	-	-	-	-	-	-	-	-	-	-	-	-	-	-	-	-	0,0,1	1,1,1	25741868,21976407,16255080,19737746,18817904,29895819,20807397,21589938,25887915,31025105,19804850,26926045,27487801,26105758,27193062,28902892,27182965,27135931,26595274,22749789,18065779,18561327,18704500,29343290,30713341,23071458,18493316,20978040,29391530,31238981,30118524,26402243,30573740,29091727,26500257,31924237,27657131,28256537,31518343,19855838,26545820,29348143,29220522,31951611,29846678,29198719,28749934,32600054,30595370	-	-	-	-	-
rs17625845	2:120332155-120332155	C	intergenic_variant	MODIFIER	-	-	-	-	-	-	-	-	-	-	-	-	-	-	rs17625845	-	-	-	-	-	-	-	0.1208	0.0492	0.2118	0.0704	0.2207	0.1022	-	-	-	-	-	-	-	-	-	-	-	1	22747683,18413775,27182965,23825393	-	-	-	-	-
rs4849884	2:120487371-120487371	C	regulatory_region_variant	MODIFIER	-	-	RegulatoryFeature	ENSR00000618350	CTCF_binding_site	-	-	-	-	-	-	-	-	-	rs4849884	-	-	-	-	-	-	-	0.7915	0.6989	0.8689	0.7907	0.8976	0.7536	-	-	-	-	-	-	-	-	-	-	-	-	-	-	-	-	-	-
rs4988235	2:135851076-135851076	A	intron_variant	MODIFIER	MCM6	ENSG00000076003	Transcript	ENST00000264156	protein_coding	-	13/16	-	-	-	-	-	-	-	rs4988235,CR024269	-	-1	-	HGNC	HGNC:6949	-	-	0.1613	0.0272	0.2161	0	0.508	0.1135	-	-	-	-	-	-	-	-	-	association	-	1,1	20616999,19326473,18974842,21931699,23049788,22541939,31483113,17436249,29125573,20650817,18462498,18021008,26444257,22043165,26748513,19687126,23166662,19943975,22332091,26924531,24392269,20031626,22194982,26753840,27274049,23028602,27135931,27502179,26595274,26988143,22590501,27624874,19912639,19265028,17020404,18602983,21212231,11788828,15114531,22228373,23029545,27170764,30339693,31352438,20015952,20109229,27714771,20097913,12915462,15106124,16041375,18194137,18605960,18797476,19138442,20225268,20447925,21152447,21193851,21235777,22742424,22948027,22965418,23479116,23647908,26156736,26345458,26728963,26741362,27577176,28225053,28302601,28424184,28497837,29063188,29071499,29537719,29568104,30096803,30689919,30721917,30728219,31138550,31405126,29343290,29378630,28934590,30264486,17436246,30713341,23071458,21504571,23539302,29384557,31284450,29039795,29875488,25334030,27173935,24492129,29159163,28969366,29391530,31776125,23103231,24180596,23825169,31719606,24980144,30872528,28552360,31100942,23731540,2654592	-	-	-	-	-
rs10427255	2:145367955-145367955	T	intergenic_variant	MODIFIER	-	-	-	-	-	-	-	-	-	-	-	-	-	-	rs10427255	-	-	-	-	-	-	-	0.5633	0.587	0.6268	0.5585	0.505	0.5511	-	-	-	-	-	-	-	-	-	-	-	1	20585627,30899065,30617275,31921716	-	-	-	-	-
rs9287638	2:238785990-238785990	A	downstream_gene_variant	MODIFIER	-	ENSG00000226992	Transcript	ENST00000441444	lncRNA	-	-	-	-	-	-	-	-	-	rs9287638	2658	-1	-	-	-	-	-	0.4651	0.5545	0.4424	0.4851	0.3211	0.4877	-	-	-	-	-	-	-	-	-	-	-	1	27265328,28196072,22693459	-	-	-	-	-
rs16991615	20:5967581-5967581	A	missense_variant	MODERATE	-	ENSG00000286235	Transcript	ENST00000652720	protein_coding	9/24	-	-	-	1155	1021	341	E/K	Gaa/Aaa	rs16991615,CM1211020,COSV54512304	-	1	-	-	-	tolerated(0.14)	benign(0.106)	0.0266	0.0015	0.0562	0	0.0666	0.0256	0.04511	0.009355	0.03888	0.1032	5.442E-05	0.02027	0.06369	0.05851	0.02497	-	0,0,1	1,1,1	22131368,18535201,22433456,29073238,29382703,23307926,23424626,22248077,19664201,30194396,20952801,26243799,19448621,23508249,31188284,25994816,23592221,30649302,25437880,25480036,26119146,24493794,29383570,22696150,30276597,25147555,23536822,30044860,27802094,22267201,29425284,26414677,31649266,27457926,24101221,29373076,29059683,26215093,28118297,27629107,30595370	-	-	-	-	-
rs6113491	20:22076777-22076777	C	downstream_gene_variant	MODIFIER	LINC01432	ENSG00000234435	Transcript	ENST00000449427	lncRNA	-	-	-	-	-	-	-	-	-	rs6113491	2123	1	-	HGNC	HGNC:50745	-	-	-	0.8116	0.6945	0.6746	0.4712	0.5399	-	-	-	-	-	-	-	-	-	-	-	1	26001114,28196072,23990985	-	-	-	-	-
rs6060371	20:35325519-35325519	A	intron_variant	MODIFIER	UQCC1	ENSG00000101019	Transcript	ENST00000374385	protein_coding	-	7/9	-	-	-	-	-	-	-	rs6060371	-	-1	-	HGNC	HGNC:15891	-	-	-	-	-	-	-	-	-	-	-	-	-	-	-	-	-	-	-	-	-	-	-	-	-	-
rs6269	22:19962429-19962429	G	intron_variant	MODIFIER	COMT	ENSG00000093010	Transcript	ENST00000361682	protein_coding	-	2/5	-	-	-	-	-	-	-	rs6269,COSV52891062	-	1	-	HGNC	HGNC:2228	-	-	0.3568	0.3714	0.3141	0.3423	0.4125	0.3252	-	-	-	-	-	-	-	-	-	-	0,1	0,1	23766564,27636225,28413930,16882734,21423693,28927418,19193196,28822116,22890010,25218601,30093869,29205277,22105624,21527290,21225419,16848906,19772600,24755993,22623973,27294121,30656852,26282453,21197301,21289622,27028297,30811655,22194877,24782743,22348792,31806881,27964712,29760667,31033149,31285095,25040948,28740224,29486785,30425562,30592275,30760877,31129315,20842020,25599448,17961261,18574484,18698234,18802928,19094200,19290789,20531207,20570835,20627703,20863768,21300128,21304959,21462137,21940152,22178088,22451510,22528689,24178190,25532715,25772090,26483654,26849490,27903758,28451382,29195501,29330410,29331705,29439855,29559808,30822160,30886988,32034175,12402217,21355050,22718527,23178897,24684248,25929431,27091610,29550002,30424994,18037454,19605537,26207649,24373571,20216107,19228264,28887371,24593143,25493568,21884617,24825955,24533707,17851590,26306300,26945673,26198390,31024766,30319405,18636529,24278778,30285822,29890676,24532984,26664154,30468309,24105343,20688576,19482061,22612913,2905603	-	-	-	-	-
rs4680	22:19963748-19963748	A	missense_variant	MODERATE	COMT	ENSG00000093010	Transcript	ENST00000361682	protein_coding	4/6	-	-	-	689	472	158	V/M	Gtg/Atg	rs4680,CM960420,COSV52889256	-	1	-	HGNC	HGNC:2228	tolerated(0.09)	benign(0.077)	0.3692	0.2806	0.3775	0.2798	0.5	0.4407	0.4611	0.3108	0.4048	0.4611	0.2718	0.5526	0.5195	0.4745	0.4399	benign,drug_response	0,0,1	1,1,1	25741868,21467728,26627480,19693267,20357209,27247849,18663369,20549395,22615781,24842701,24944790,21514219,23766564,23946381,27015811,20691427,21935354,22992668,25266489,26091847,27233804,27716216,21934689,20729390,20633049,26989097,28127926,25324626,21905019,29048744,28534260,26986136,30178121,16882734,26233486,20191112,21656904,21423693,21333900,23793356,24407958,26189450,26272535,27642547,27895608,31335650,29193749,28253266,19379518,20565774,22024213,25819021,31874497,28084056,26543368,31493434,21857968,23209597,21085187,27521242,21570824,28927418,22301281,19944766,21808609,22022476,18805939,23283688,18466599,21204206,19197363,19693005,16380905,26044620,29287625,18389087,24086514,28656735,29992684,22645715,17116718,22418777,26858644,19664744,28533660,26220612,19911060,28822116,19734545,27446594,31615448,22535570,18715757,21217836,21504842,21610500,22021659,22552919,22890010,24274352,25987236,26322220,18787887,18988738,23353103,24373005,24990354,25218601,25744938,29289372,21162693,21172166,21687501,2373303	-	-	-	-	-
rs333	3:46373453-46373485	ACA	frameshift_variant	HIGH	CCR5	ENSG00000160791	Transcript	ENST00000292303	protein_coding	2/2	-	-	-	697-731	551-585	184-195	YSQYQFWKNFQT/YX	tACAGTCAGTATCAATTCTGGAAGAATTTCCAGACA/tACA	rs333	-	1	-	HGNC	HGNC:1606	-	-	-	0.003	0.0317	0	0.1103	0.0092	0.07426	0.0192	0.02932	0.1287	0.0001087	0.1335	0.1076	0.07257	0.01598	benign,risk_factor,protective	-	1	19131662,19263529,19330901,19559392,21919968,25383745,21708280,15726497,17327408,18633131,19066394,20978399,20805105,21980439,22927710,18805939,21090563,22123319,21881118,24281113,20531015,20617924,20041166,17355643,31396258,28501927,23107763,27427275,19073967,20854658,20149939,22474614,20205591,8751444,8756719,9055842,9132277,9140404,9207783,9466996,9511755,9585595,9600249,9768627,10520641,10615909,10803840,11081537,11403804,11403814,11517319,11781692,12874407,15744032,15863470,16216086,16248677,16418398,17672867,19017985,19225544,20038229,20068218,20206716,20552027,21091093,21396623,21429204,21673041,21854194,22046140,22194275,22384103,22524430,22807925,23632061,24078580,24750723,25500253,26071874,26223981,26599761,26765343,26982176,27894748,28327790,28969941,29239247,29369549,29729320,30389547,31030250,31148855,31183980,31479868,32145532,29416296,31393887,27696788,24204910,26068906,20463745,25280384,24011637,31822447,22825589,24822066,28086002,31080083,29682616,31261839,31160814,30441796,29929468,25120286	-	-	-	-	-
rs2937573	5:167044193-167044193	A	intergenic_variant	MODIFIER	-	-	-	-	-	-	-	-	-	-	-	-	-	-	rs2937573	-	-	-	-	-	-	-	0.601	0.9387	0.4323	0.5268	0.5318	0.4121	-	-	-	-	-	-	-	-	-	-	-	-	-	-	-	-	-	-
rs17070145	5:168418786-168418786	G	intron_variant	MODIFIER	WWC1	ENSG00000113645	Transcript	ENST00000265293	protein_coding	-	9/22	-	-	-	-	-	-	-	rs17070145,CS066322,COSV54648238	-	1	-	HGNC	HGNC:29435	-	-	-	-	-	-	-	-	-	-	-	-	-	-	-	-	-	-	0,0,1	1,1,1	24842701,20691427,17903297,19734545,20125193,23927501,30083479,22129841,19606085,20552044,21643791,26415670,25222038,27123786,31112471,20184726,21185624,23778582,26768155,26405221,17053149,17353070,17707552,18194457,18205171,18789830,19397951,20150879,20185150,20509760,21346737,22794909,23065961,23266749,23733450,23926262,24190487,24290728,25146696,25800888,26156558,27060629,27620974,28380666,28859866,29032191,29375362,29391469,29416687,30134813,30729420,30953258,32057830,30627107,29945638,24947539,31102318,31031595,19634037,19058786,24642126,30866553,22457502,29376674,25071529,24851092,21707207,25339899,22808318,30967557,25754878,21134394,30631459,23890735,21976506,19225597,18378080,19804789,18487006	-	-	-	-	-
rs12203592	6:396321-396321	T	intron_variant	MODIFIER	IRF4	ENSG00000137265	Transcript	ENST00000380956	protein_coding	-	4/8	-	-	-	-	-	-	-	rs12203592,CS098488	-	1	-	HGNC	HGNC:6119	-	-	0.0367	0.0083	0.072	0	0.1163	0.0061	-	-	-	-	-	-	-	-	-	affects	-	1,1	27539887,24270849,24987407,20585627,23049788,24373676,20546537,22057235,19340012,29895819,23222812,19474294,21685912,20158590,26628504,26306600,25077817,20650817,23548203,24906573,26998216,27221533,20463881,29986742,20018015,26547235,26926045,18483556,27769064,23110848,20736230,29315334,22629401,28083618,26924531,27424798,22194982,27570521,27182965,26938746,21197618,27499155,31762634,27468418,23771755,31315583,23226157,19710684,21674838,23948321,24631691,24880832,29109912,21270109,30980179,29518100,24924479,26286644,27435525,29315480,29658972,29974532,32121219,21983787,28502801,25724930,20602913,27861356,21962134,29054604,19396635,19897031,20647408,22512251,24267888,25631878,25705849,26857527,26928068,28103633,28667740,28755520,29753029,30520188,31246726,31519034,31958143,25307738,24439955,23393597,29771307,29662168,26146661,30729179,30429480,28603323,25954321,30643251,25833963,29739929,28602423,21645295,31523106,23986280,28272467,26829030,28552360,28240252,28973033,29195075,30205563,26237428,26908436,1820832	-	-	-	-	-
rs2395029	6:31464003-31464003	G	intron_variant,non_coding_transcript_variant	MODIFIER	HCP5	ENSG00000206337	Transcript	ENST00000666495	lncRNA	-	1/1	-	-	-	-	-	-	-	rs2395029	-	1	-	HGNC	HGNC:21659	-	-	0.0333	0.0045	0.0202	0.0119	0.0437	0.093	0.02699	0.007881	0.009529	0.04463	0.003138	0.009463	0.03394	0.02835	0.05202	-	-	1	24944790,22938532,24270849,26613086,26369774,20876667,19474294,21221856,20041166,24971308,25369137,30882006,22362864,31137555,21253569,21811574,20487506,20149939,22920050,23300409,18369459,19182814,21502085,21689440,22474614,20205591,22934000,20552027,21854194,22384103,31148855,22128242,20704485,19679225,19483685,19107206,22310811,21107268,21296743,28449694,24842830,26039976,20394749,25264125,22437317,26083016,17641165,19693088,19276793,18256235,21051598,18982067,18684101,19050382,19115949,19935381,20534626,20976252,21514285,21860345,22577363,23403273,23772624,24861233,24939907,26100217,27083073,27546346,31393887,31421661,22968431,26577414,28629370,20602616,21248048,23649914,29158528,23202454,18684953,21716938,25647431,27189608,18617886,28253087,24784026,25701868,20463068,21383195,22248321,26367535,29540798,23974980,23750159,31038729,23372753,26553974,29263831,23837993,25490090,22976473,31611910,21035081,20034760,30661239	-	-	-	-	-
rs314277	6:104959787-104959787	C	intron_variant	MODIFIER	LIN28B	ENSG00000187772	Transcript	ENST00000345080	protein_coding	-	2/3	-	-	-	-	-	-	-	rs314277	-	1	-	HGNC	HGNC:32207	-	-	-	0.5393	0.8818	0.9623	0.8449	0.8487	-	-	-	-	-	-	-	-	-	-	-	1	21102462,20397748,20966902,19030899,23424626,28839172,24780874,19570815,18391950,20303062,19448623,19448621,23508249,27338933,20398887,22822098,19448620,19448622,23052130,23283660,25287989,24949031,28560309,22876539,29659830,19266077,26698568,18950892	-	-	-	-	-
rs4410790	7:17244953-17244953	C	intron_variant,non_coding_transcript_variant	MODIFIER	-	ENSG00000237773	Transcript	ENST00000643090	lncRNA	-	2/2	-	-	-	-	-	-	-	rs4410790	-	-1	-	-	-	-	-	0.4671	0.4402	0.3732	0.4137	0.6153	0.4724	-	-	-	-	-	-	-	-	-	-	-	1	30886581,27845333,31214239,23492908,21490707,22854411,26002927,27741566,29025033,29760501,31486166,29367735,28556459,21989077,30936893,25288136,30257492,28793181,31152163,28931532,22293536,31409800,31511532,30220432,27702941,31630189,31959922,31046077,30910378,31217584,31837886,32203549	-	-	-	-	-
rs2073963	7:18838251-18838251	G	intron_variant	MODIFIER	HDAC9	ENSG00000048052	Transcript	ENST00000441542	protein_coding	-	20/24	-	-	-	-	-	-	-	rs2073963	-	1	-	HGNC	HGNC:14065	-	-	0.4834	0.5159	0.3934	0.4911	0.3897	0.592	-	-	-	-	-	-	-	-	-	-	-	1	26508577,28196072,22693459	-	-	-	-	-
rs713598	7:141973545-141973545	A	missense_variant	MODERATE	TAS2R38	ENSG00000257138	Transcript	ENST00000547270	protein_coding	1/1	-	-	-	229	145	49	A/S	Gca/Tca	rs713598,CM031368,COSV71885858	-	-1	-	HGNC	HGNC:9584	deleterious(0.04)	benign(0.027)	-	-	-	-	-	-	-	-	-	-	-	-	-	-	-	-	0,0,1	1,1,1	21467728,18248681,19092995,28858874,28455260,24534176,26268603,20858777,31137020,30060620,24000232,26633761,29385734,30340375,22132133,19687126,23166662,24627758,23133589,29947923,20675712,22824251,19782709,12595690,15883422,18834969,19779476,20594349,20980355,21557234,21674048,21763010,21927640,23900446,24083639,24705770,25303850,25832883,26941429,27245112,27475756,27515546,27711175,28041559,28652185,28738701,31921309,30301923,28835712,23680431,26090297,25381313,23516368,25050705,28074885,26785164,28767651,17662150,30137252,29686110,23821729,23761681,31073343,24025627,31922012,23878414,22521910,24607656,22440514,31357559,29566052,28587069,27506221,30223776,23599216,30176005,25634331,24626196,25257701,26552761,31792278,24312479,30351347,26391354,24882206,29481289,18076282,31046077	-	-	-	-	-
rs7816345	8:36988591-36988591	A	upstream_gene_variant	MODIFIER	-	ENSG00000243503	Transcript	ENST00000495560	processed_pseudogene	-	-	-	-	-	-	-	-	-	rs7816345	179	-1	-	-	-	-	-	-	-	-	-	-	-	-	-	-	-	-	-	-	-	-	-	-	1	29382703,25862352,26275715,22747683,26036842,23825393,25342443,31243447	-	-	-	-	-
rs2153271	9:16864523-16864523	G	intron_variant	MODIFIER	BNC2	ENSG00000173068	Transcript	ENST00000380672	protein_coding	-	1/6	-	-	-	-	-	-	-	rs2153271	-	-1	-	HGNC	HGNC:30988	-	-	-	-	-	-	-	-	-	-	-	-	-	-	-	-	-	-	-	1	27539887,20585627,29895819,23927501,24924479,21750727,31174203	-	-	-	-	-
rs3930459	CHR_HSCHR11_1_CTG1_2:7942537-7942537	A	upstream_gene_variant	MODIFIER	OR10A6	ENSG00000280899	Transcript	ENST00000641884	protein_coding	-	-	-	-	-	-	-	-	-	rs3930459	1143	-1	-	HGNC	HGNC:15132	-	-	-	-	-	-	-	-	-	-	-	-	-	-	-	-	-	-	-	-	-	-	-	-	-	-
rs3930459	CHR_HSCHR11_1_CTG5:7943044-7943044	A	upstream_gene_variant	MODIFIER	OR10A6	ENSG00000276451	Transcript	ENST00000622207	polymorphic_pseudogene	-	-	-	-	-	-	-	-	-	rs3930459	3749	-1	-	HGNC	HGNC:15132	-	-	-	-	-	-	-	-	-	-	-	-	-	-	-	-	-	-	-	-	-	-	-	-	-	-
rs4778138	CHR_HSCHR15_4_CTG8:28090687-28090687	G	intron_variant	MODIFIER	OCA2	ENSG00000277361	Transcript	ENST00000632880	protein_coding	-	1/20	-	-	-	-	-	-	-	rs4778138	-	-1	cds_end_NF	HGNC	HGNC:8101	-	-	-	-	-	-	-	-	-	-	-	-	-	-	-	-	-	-	-	1	20585627,20546537,20876667,21926416,18252221,18483556,22629401,17236130,22065085,18252222,21197618,27499155,19472299,18528436,18683857,21270109,30980179,26286644,30429480,28212542,17803354,26237428,30166351,30060076,32041948,31169496,21901107	-	-	-	-	-
rs12913832	CHR_HSCHR15_4_CTG8:28119624-28119624	A	intron_variant	MODIFIER	HERC2	ENSG00000276802	Transcript	ENST00000632916	protein_coding	-	34/40	-	-	-	-	-	-	-	rs12913832	-	-1	cds_start_NF	HGNC	HGNC:4868	-	-	0.8227	-	-	-	-	-	-	-	-	-	-	-	-	-	-	-	-	1	27539887,24270849,30087317,26870082,24763138,20585627,23049788,20546537,22541939,19340012,23907626,25125603,20158590,21926416,26249223,30359302,21208434,21253569,20018053,23548203,27221533,20463881,23118974,30306274,21835309,26547235,26926045,23543094,18483556,24661571,20221248,23110848,20308648,23927501,20691402,29228715,22629401,20949057,25918132,23205161,21533023,22194982,27458546,19668368,27274049,21907010,17236130,27081560,22065085,18252222,21197618,27499155,28456133,31762634,18172690,19472299,20457063,22709892,24809478,25376095,27468418,23771755,26690364,27135931,30895295,31315583,28242083,22734612,19208107,19710684,21674838,23948321,24631691,24681889,24880832,26848990,29109912,20569440,21270109,30980179,18650849,19278018,19619260,19711812,20629734,22101828,22234890,24387780,24614105,24924479,25410285,26286644,26547379,26595274,26988143,27055116,27435525,27760139,29315480,29658972,29974532,32121219,28781888,29093029,25093503,25307738,29771307,29343290,29662168,23486544,23612573,24392023,25058410,3071334	-	-	-	-	-
rs1667394	CHR_HSCHR15_4_CTG8:28397980-28397980	C	intron_variant	MODIFIER	HERC2	ENSG00000276802	Transcript	ENST00000633685	protein_coding	-	4/18	-	-	-	-	-	-	-	rs1667394	-	-1	cds_end_NF	HGNC	HGNC:4868	-	-	-	-	-	-	-	-	-	-	-	-	-	-	-	-	-	-	-	1	20585627,20546537,20876667,18252221,23118974,18483556,21533023,22065085,18252222,27499155,17952075,19863770,26286644,29739929,29129317,30166351,23100201,27896059,26615180,28500464,19464592,19464594	-	-	-	-	-
rs2395029	CHR_HSCHR6_MHC_COX_CTG1:31451447-31451447	G	non_coding_transcript_exon_variant	MODIFIER	HCP5	ENSG00000237105	Transcript	ENST00000419355	lncRNA	2/2	-	-	-	738	-	-	-	-	rs2395029	-	1	-	HGNC	HGNC:21659	-	-	0.0333	-	-	-	-	-	-	-	-	-	-	-	-	-	-	-	-	1	24944790,22938532,24270849,26613086,26369774,20876667,19474294,21221856,20041166,24971308,25369137,30882006,22362864,31137555,21253569,21811574,20487506,20149939,22920050,23300409,18369459,19182814,21502085,21689440,22474614,20205591,22934000,20552027,21854194,22384103,31148855,22128242,20704485,19679225,19483685,19107206,22310811,21107268,21296743,28449694,24842830,26039976,20394749,25264125,22437317,26083016,17641165,19693088,19276793,18256235,21051598,18982067,18684101,19050382,19115949,19935381,20534626,20976252,21514285,21860345,22577363,23403273,23772624,24861233,24939907,26100217,27083073,27546346,31393887,31421661,22968431,26577414,28629370,20602616,21248048,23649914,29158528,23202454,18684953,21716938,25647431,27189608,18617886,28253087,24784026,25701868,20463068,21383195,22248321,26367535,29540798,23974980,23750159,31038729,23372753,26553974,29263831,23837993,25490090,22976473,31611910,21035081,20034760,30661239	-	-	-	-	-
rs2395029	CHR_HSCHR6_MHC_SSTO_CTG1:31454717-31454717	G	non_coding_transcript_exon_variant	MODIFIER	HCP5	ENSG00000230389	Transcript	ENST00000423496	lncRNA	2/2	-	-	-	738	-	-	-	-	rs2395029	-	1	-	HGNC	HGNC:21659	-	-	0.0333	-	-	-	-	-	-	-	-	-	-	-	-	-	-	-	-	1	24944790,22938532,24270849,26613086,26369774,20876667,19474294,21221856,20041166,24971308,25369137,30882006,22362864,31137555,21253569,21811574,20487506,20149939,22920050,23300409,18369459,19182814,21502085,21689440,22474614,20205591,22934000,20552027,21854194,22384103,31148855,22128242,20704485,19679225,19483685,19107206,22310811,21107268,21296743,28449694,24842830,26039976,20394749,25264125,22437317,26083016,17641165,19693088,19276793,18256235,21051598,18982067,18684101,19050382,19115949,19935381,20534626,20976252,21514285,21860345,22577363,23403273,23772624,24861233,24939907,26100217,27083073,27546346,31393887,31421661,22968431,26577414,28629370,20602616,21248048,23649914,29158528,23202454,18684953,21716938,25647431,27189608,18617886,28253087,24784026,25701868,20463068,21383195,22248321,26367535,29540798,23974980,23750159,31038729,23372753,26553974,29263831,23837993,25490090,22976473,31611910,21035081,20034760,30661239	-	-	-	-	-
rs6625163	X:67291142-67291142	A	intergenic_variant	MODIFIER	-	-	-	-	-	-	-	-	-	-	-	-	-	-	rs6625163	-	-	-	-	-	-	-	-	0.0439	0.8282	0.9974	0.8172	0.9109	-	-	-	-	-	-	-	-	-	-	-	1	26001114,18849991,28196072,24386074	-	-	-	-	-
rs6152	X:67545785-67545785	A	synonymous_variant	LOW	AR	ENSG00000169083	Transcript	ENST00000374690	protein_coding	1/8	-	-	-	1765	639	213	E	gaG/gaA	rs6152,CM051843,COSV65952836	-	1	-	HGNC	HGNC:644	-	-	0.2387	0.65	0.1355	0.0026	0.1423	0.0933	0.1518	0.6219	0.0765	0.1209	0.0007244	0.1264	0.1516	0.1397	0.08862	benign	0,0,1	1,1,1	25741868,23227263,1307250,3174628,8033918,15570555,15902657,15994977,16987421,17256155,18385763,19167832,19190146,19555469,20450840,20534771,21645389,21981665,22033271,24665929,25241384,28707146,28981526,29047007,30900623,28176139,26955855,22542949,28472278,26508577,27609317,28461468,28705582,30518641,30393594,24386074,25716092,24925673,26781567,19230916	-	-	-	-	-
