Uploaded_variation	SYMBOL	AF	EUR_AF	PL_AF	gnomAD_FIN_AF	gnomAD_NFE_AF	PL_AC
1	chr1_55039839_T_A	PCSK9	NA	NA	0.000530786	NA	NA	1
2	chr1_55058058_T_TGCCGA	PCSK9	NA	NA	0.000530223	NA	NA	1
3	chr1_68444825_C_A	RPE65	NA	NA	0.000530223	0	7.917e-05	1
4	chr1_201074522_G_GT	CACNA1S	NA	NA	0.000530223	0	0	1
5	chr1_201083312_TC_T	CACNA1S	NA	NA	0.000530223	NA	NA	1
6	chr2_21004677_T_A	APOB	NA	NA	0.000530223	NA	NA	1
7	chr2_21034814_A_T	APOB	NA	NA	0.000530223	NA	NA	1
8	chr2_21043896_AGC_A	APOB	NA	NA	0.000530223	NA	NA	1
9	chr2_21043917_GC_G	APOB	NA	NA	0.000530223	0.0002946	0.0002843	1
10	chr2_21043920_AGCAGCGCG_A	APOB	NA	NA	0.000530223	0.0003559	0.000351	1
11	chr2_47803500_A_AC	MSH6	NA	NA	0.000530223	9.264e-05	7.103e-05	1
12	chr2_47806652_GTAAC_G	MSH6	NA	0	0.00106157	0	0.001212	2
13	chr2_47806652_G_GTAAC	MSH6	NA	0.002	0.000530786	0	0.0002714	1
14	chr2_178530595_AC_A	TTN	NA	NA	0.000530223	NA	NA	1
15	chr2_178577214_G_GTA	TTN	NA	NA	0.000530223	NA	NA	1
16	chr2_178602097_C_CT	TTN	NA	NA	0.000530223	NA	NA	1
17	chr2_178654910_A_G	TTN	NA	NA	0.000531915	0	0.0002611	1
18	chr2_178672268_CT_C	TTN	NA	NA	0.000530223	NA	NA	1
19	chr2_178718596_TG_T	TTN	NA	NA	0.000530223	NA	NA	1
20	chr2_189006260_G_T	COL3A1	NA	NA	0.000530223	NA	NA	1
21	chr3_15635478_CGG_C	BTD	NA	NA	0.000530223	0	0.0001056	1
22	chr3_15635481_CTG_C	BTD	NA	NA	0.000530223	0	7.918e-05	1
23	chr3_30650368_GC_G	TGFBR2	NA	NA	0.000530223	NA	NA	1
24	chr3_30650370_ATTATG_A	TGFBR2	NA	NA	0.000530223	NA	NA	1
25	chr6_123381391_C_T	TRDN	NA	NA	0.000530223	0	0	1
26	chr6_123530536_CTTGT_C	TRDN	NA	NA	0.000530223	NA	NA	1
27	chr7_5986826_T_A	PMS2	NA	NA	0.000530223	0	8.801e-06	1
28	chr7_5992018_G_A	PMS2	NA	NA	0.000530223	0	8.795e-06	1
29	chr7_128849375_A_ATCACGGT	FLNC	NA	NA	0.000530223	NA	NA	1
30	chr11_2847779_GA_G	KCNQ1	NA	NA	0.000530223	NA	NA	1
31	chr11_47332189_G_A	MYBPC3	NA	NA	0.000530223	0	1.77e-05	1
32	chr11_47335041_C_T	MYBPC3	NA	NA	0.000530223	NA	NA	1
33	chr12_32850924_TG_T	PKP2	NA	NA	0.000530223	NA	NA	1
34	chr13_32329467_CTG_C	BRCA2	NA	NA	0.000530223	0	6.32e-05	1
35	chr13_32333283_G_GA	BRCA2	NA	NA	0	0	9.424e-06	0
36	chr13_32339592_C_CT	BRCA2	NA	NA	0.000530223	NA	NA	1
37	chr15_48644951_C_G	FBN1	NA	NA	0.000530223	NA	NA	1
38	chr15_48644952_T_G	FBN1	NA	NA	0.000530223	NA	NA	1
39	chr16_23636035_ATC_A	PALB2	NA	NA	0.000530786	0	7.034e-05	1
40	chr17_43057062_T_TG	BRCA1	NA	NA	0.00159067	0	0.0001758	3
41	chr17_80118668_G_T	GAA	NA	NA	0.000530223	0	0	1
42	chr18_31068033_T_TTC	DSC2	0.0036	0.0099	0.0234043	0.009151	0.01337	44
43	chr18_31545844_G_T	DSG2	NA	NA	0.000530223	NA	NA	1
44	chr19_38448512_GTCAGTGGGGTTTGTGGCGCCCTCCC_G	RYR1	NA	NA	0.0021322	4.635e-05	0.0005546	4
45	chr19_38460514_CG_C	RYR1	NA	NA	0.00106045	0	1.76e-05	2
